tree
version=v4
num_class=1
num_tree_per_iteration=1
label_index=0
max_feature_idx=383
objective=lambdarank
feature_names=pct_chg vol amount vwap turnover_rate turnover_rate_f volume_ratio pe pe_ttm pb ps ps_ttm dv_ratio dv_ttm total_share float_share free_share total_mv circ_mv buy_sm_vol buy_sm_amount sell_sm_vol sell_sm_amount buy_md_vol buy_md_amount sell_md_vol sell_md_amount buy_lg_vol buy_lg_amount sell_lg_vol sell_lg_amount buy_elg_vol buy_elg_amount sell_elg_vol sell_elg_amount net_mf_vol net_mf_amount sh_idx_ret1 sh_idx_ret5 sh_idx_ret10 sh_idx_ret20 sh_idx_ma5_gap sh_idx_ma20_gap sh_idx_ma60_gap sh_idx_vol5 sh_idx_vol20 sh_idx_vol60 sh_idx_vol_ma5_ratio sh_idx_vol_ma20_ratio sh_idx_boll_pos sh_idx_high_low_pos hs300_idx_ret1 hs300_idx_ret5 hs300_idx_ret10 hs300_idx_ret20 hs300_idx_ma5_gap hs300_idx_ma20_gap hs300_idx_ma60_gap hs300_idx_vol5 hs300_idx_vol20 hs300_idx_vol60 hs300_idx_vol_ma5_ratio hs300_idx_vol_ma20_ratio hs300_idx_boll_pos hs300_idx_high_low_pos cyb_idx_ret1 cyb_idx_ret5 cyb_idx_ret10 cyb_idx_ret20 cyb_idx_ma5_gap cyb_idx_ma20_gap cyb_idx_ma60_gap cyb_idx_vol5 cyb_idx_vol20 cyb_idx_vol60 cyb_idx_vol_ma5_ratio cyb_idx_vol_ma20_ratio cyb_idx_boll_pos cyb_idx_high_low_pos market_divergence market_trend news_count news_sentiment news_len_mean news_sentiment_smooth positive_count negative_count industry_positive_count industry_negative_count news_intensity suspended_flag ret_1d ret_2d ma2_gap ret_3d ma3_gap ret_5d ma5_gap ret_10d ma10_gap ret_20d ma20_gap ret_60d ma60_gap mom_20d intraday_ret overnight_gap hl_spread upper_shadow lower_shadow upper_shadow_ratio lower_shadow_ratio body_ratio high_low_ratio amount_per_vol vwap_gap vwap_deviation volatility_5d ret_mean_5d volatility_10d ret_mean_10d volatility_20d ret_mean_20d vol_ratio log_vol log_amount vol_ma5_ratio amount_ma5_ratio vol_ma20_ratio amount_ma20_ratio volume_ratio_5d volume_ratio_20d turnover_change rsi_6 rsi_14 ema_5_20_ratio macd macd_signal macd_hist boll_pos boll_width bollinger_pos limit_up_flag limit_down_flag mf_ratio net_mf_ratio mf_ratio_5d mf_momentum_3d mf_reversal smart_money_ratio active_money_ratio log_pe log_pe_ttm log_pb log_ps log_ps_ttm log_circ_mv log_total_mv log_turnover_rate log_turnover_rate_f log_volume_ratio log_dv_ratio log_dv_ttm log_news_count log_news_len_mean ep_ttm bp free_share_ratio list_age_years kdj_k kdj_d kdj_j kdj_diff kdj金叉 kdj死叉 cci_14 cci_20 williams_r obv obv_ma10 obv_gap atr_14 atr_norm_14 momentum_10 roc_10 roc_12 obv_slope_5d kdj_k_ma5 kdj_d_ma5 kdj_j_ma5 cci_14_ma5 williams_r_ma5 atr_14_ma5 momentum_10_ma5 rsi_9 rsi_21 stochastic_k stochastic_d stochastic_j adx plus_di minus_di supertrend psy volume_burst volume_persistence price_position ma_bull_count downside_vol upside_vol golden_cross death_cross vol_change_ratio mf_acceleration industry_rel_pe industry_rel_pb mv_percentile size_neutral_ret adx_percentile trend_persistence value_score momentum_accel vol_price_divergence ret_skewness ret_kurtosis vol_compression support_position resistance_position rank_pct_chg z_pct_chg rank_ret_1d z_ret_1d rank_ret_2d z_ret_2d rank_ret_3d z_ret_3d rank_ret_5d z_ret_5d rank_ret_10d z_ret_10d rank_ret_20d z_ret_20d rank_ret_60d z_ret_60d rank_mom_20d z_mom_20d rank_vol_ratio z_vol_ratio rank_volatility_5d z_volatility_5d rank_volatility_10d z_volatility_10d rank_volatility_20d z_volatility_20d rank_turnover_rate z_turnover_rate rank_turnover_rate_f z_turnover_rate_f rank_volume_ratio z_volume_ratio rank_volume_ratio_5d z_volume_ratio_5d rank_volume_ratio_20d z_volume_ratio_20d rank_net_mf_amount z_net_mf_amount rank_net_mf_ratio z_net_mf_ratio rank_mf_ratio z_mf_ratio rank_mf_momentum_3d z_mf_momentum_3d rank_mf_ratio_5d z_mf_ratio_5d rank_circ_mv z_circ_mv rank_total_mv z_total_mv rank_amount_ma5_ratio z_amount_ma5_ratio rank_amount_ma20_ratio z_amount_ma20_ratio rank_rsi_6 z_rsi_6 rank_rsi_14 z_rsi_14 rank_macd z_macd rank_macd_hist z_macd_hist rank_kdj_k z_kdj_k rank_kdj_d z_kdj_d rank_kdj_j z_kdj_j rank_kdj_diff z_kdj_diff rank_cci_14 z_cci_14 rank_cci_20 z_cci_20 rank_williams_r z_williams_r rank_obv z_obv rank_obv_gap z_obv_gap rank_atr_14 z_atr_14 rank_atr_norm_14 z_atr_norm_14 rank_momentum_10 z_momentum_10 rank_roc_10 z_roc_10 rank_roc_12 z_roc_12 rank_stochastic_k z_stochastic_k rank_stochastic_d z_stochastic_d rank_adx z_adx rank_plus_di z_plus_di rank_minus_di z_minus_di rank_supertrend z_supertrend rank_rsi_9 z_rsi_9 rank_rsi_21 z_rsi_21 rank_psy z_psy rank_vwap_gap z_vwap_gap rank_volume_burst z_volume_burst rank_volume_persistence z_volume_persistence rank_vol_change_ratio z_vol_change_ratio rank_mf_acceleration z_mf_acceleration rank_smart_money_ratio z_smart_money_ratio rank_active_money_ratio z_active_money_ratio rank_ma_bull_count z_ma_bull_count rank_price_position z_price_position rank_downside_vol z_downside_vol rank_upside_vol z_upside_vol rank_ep_ttm z_ep_ttm rank_bp z_bp rank_log_circ_mv z_log_circ_mv rank_log_total_mv z_log_total_mv rank_free_share_ratio z_free_share_ratio ind_rank_ret_5d ind_rank_ret_20d ind_rank_turnover_rate ind_rank_circ_mv ind_rank_mf_ratio ind_rank_rsi_14 ind_rank_macd_hist ind_rank_kdj_k ind_rank_volume_ratio_5d ind_rank_stochastic_k ind_rank_adx ind_rank_supertrend_dir rank_size_neutral_ret rank_value_score rank_trend_persistence rank_vol_compression
feature_infos=[-76.525800000000004:707.37699999999995] [1:39905766.109999999] [1.1439999999999999:20858527.818] [0.1288273674479101:2286.0922932934027] [0.00020000000000000001:93.755300000000005] [0.00020000000000000001:686.4819] [0:229.03] [0.26989999999999997:7608.1917999999996] [0.2427:227766.93460000001] [0.073899999999999993:9498.9398999999994] [0.0172:2149236.7012999998] [0.0172:1461480.9569000001] [0:54.794499999999999] [0.0045999999999999999:51.001800000000003] [3622.8719000000001:35640625.708899997] [605.51890000000003:31924421.0777] [75.394999999999996:5564157.9186000004] [9216:291544666.41299999] [7092.4799999999996:291544666.41299999] [0:9640959] [0:507746.79999999999] [0:8115765] [0:519118.25] [0:9553115] [0:613672.41000000003] [0:9170609] [0:607737.35999999999] [0:7998706] [0:899477.62] [0:8561637] [0:824825.04000000004] [0:16369813] [0:919846.29000000004] [0:14517909] [0:993516.57999999996] [-4380948:7299100] [-382395.08000000002:317878.47999999998] [-0.077244999999999994:0.080637000000000014] [-0.10693883310835606:0.21886906459391997] [-0.12177977363043302:0.29055453635855866] [-0.12241416719722631:0.22783676895288196] [-0.080284225817012778:0.10358674005108104] [-0.1009513135670761:0.22042894781527944] [-0.12831862985085063:0.20947261147179352] [0:0.05777719177755182] [0:0.030894710685905269] [0:0.020119128084492788] [0:1.8639342636774254] [0:3.7692688283453171] [-1.9225694564731006:1.7040159758796649] [0:0.99999999999999767] [-0.07880899999999999:0.084825999999999999] [-0.11227718525781771:0.26975290796975693] [-0.14682026643480928:0.34718690877921232] [-0.14579155615747708:0.28140386904769965] [-0.083607264204400122:0.12449435226494088] [-0.10739985128700757:0.26587542664982466] [-0.15095554105613962:0.25979440383242913] [0:0.063092185361580261] [0:0.03463130888737289] [0:0.022525759153256275] [0:1.8212584381224555] [0:4.0715322078876284] [-1.8884991507244835:1.6374273645315929] [0:0.99999999999999856] [-0.10594099999999999:0.17249400000000001] [-0.18205481570546633:0.57880421946962279] [-0.15387300957145855:0.66123560125390823] [-0.20788323873082459:0.61362970705671382] [-0.072891141197972908:0.27941954721925089] [-0.1428286877309658:0.53612864592617826] [-0.19655829483403409:0.55834331290581973] [0:0.12656745671380143] [0:0.067044538904804857] [0:0.042583437111118824] [0:1.8407298965722894] [0:4.0170334286486415] [-1.5883741962286002:1.7982256041858558] [0:0.999999999999998] [-0.126554:0.042682999999999999] [-0.086055500000000007:0.117115] [0:586] [-0.19402985074626866:0.64017660044150115] [0:182.24070021881838] [-0.066672904448400988:0.48205844918856844] [0:369] [0:213] [0:7] [0:9] [0:20] none [-0.90366088631984587:0.98378378378378373] [-0.90636704119850187:1.4526315789473685] [-0.82425307557117755:0.32971014492753636] [-0.90604026845637586:1.5668789808917198] [-0.86400725294650949:0.46126914660831519] [-0.91678420310296194:1.9380530973451329] [-0.88532110091743121:0.58682634730538918] [-0.94103194103194099:5.3781446540880493] [-0.90202939118264525:0.89468735307945502] [-0.99401863222528053:5.857704402515723] [-0.98200608289940927:1.5221892341411096] [-0.99130100076982297:9.9045698924731163] [-0.99063060971514572:3.4836828870651297] [-5.7524078997280901:1.1420879572544185] [-0.2857142857142857:0.37369705034375689] [-0.67136150234741787:6.5287865367581936] [0:0.62913385826771662] [0:0.41732283464566927] [0:0.1732318710832586] [0:0.99999999999969691] [0:0.99999999999984301] [0:0.99999999999997435] [0:0.62913385826771662] [0.012882736744791016:228.60922932934028] [-0.15269249678321628:0.20135370220207349] [-0.15269249678321628:0.20135370220207338] [0:1.6070758498470719] [-0.26721235972721119:0.59462850634545772] [0:1.1545047172205176] [-0.15293894617034759:0.40083210978919837] [0:1.1737879566502472] [-0.099102495643345306:0.2411470857668753] [0:2.141769538738616] [0.69314718055994529:17.502031410513066] [0.76267324320855556:16.853273478587663] [0:4.8948839810617759] [0:4.9074445256912318] [0:13.377127171418195] [0:14.450749059822687] [0:4.8948839810617759] [0:13.377127171418195] [0:309.69872322630266] [0:99.999999999996064] [0:99.99999999999477] [0:1.6953650005746854] [-98.418318477395815:121.15086248942373] [-69.064476556693819:105.47576055647133] [-35.154191887939866:31.549289324126924] [-2.1025410553026687:2.047381210713406] [0:3.0608777847671713] [-0.55127052765145279:1.5236906053568628] [0:1] [0:1] [-1.00012644213422:1.0046557216368537] [-1.00012644213422:1.0046557216368537] [-1.0000621375880954:1.0537678766649627] [-596153.15000000002:454245.08999999997] [-317160.56599999999:351961.23999999999] [-1.0004675081813932:1.00012644213422] [-1.0004675081809253:1.0001264421341891] [0:8.9371122428505529] [0:12.336082558893402] [0:9.1590407512528316] [0:14.580623779698577] [0:14.194961517853399] [0:19.490703784993549] [0:19.490703784993549] [0:4.5512977790736002] [0:6.5330355019214306] [0:5.4382097351999272] [0:4.0216752982210435] [0:3.9512783333669441] [0:6.3750248198280968] [0:5.2108005903320125] [4.3904529064158548e-06:4.1203131437989287] [0.00010527490546602996:13.531799729364007] [0.0031414583333333333:1] [0:34.061601642710471] [0:99.999999999999304] [0:99.999999999999034] [-27.694382213618127:132.92181069956456] [-29.629629629300403:29.629629629626052] [0:1] [0:1] [-466.6666666549271:465.65983360731099] [-665.48946277974926:541.48337219629354] [-99.999999999998977:0] [-88569535.570000008:582064690.76999986] [-89013048.353000015:580675887.0079999] [-4544.6913276445512:71359.255216743099] [0:104.32285714285715] [0:12.662452591656134] [-334.99000000000001:341.06999999999994] [-94.103194103170978:537.81446540876266] [-94.95694956948401:500.96296296292581] [-15609859.60599844:30529954.067996942] [0:99.999999999999119] [0:99.999999999998678] [-26.886145404365173:127.47413426585342] [-263.38117452397103:287.54927669676789] [-99.999999999996234:0] [0:97.508285714285691] [-366.96800000000002:376.02599999999995] [0:99.999999999995538] [0:99.99999999999477] [0:99.999999999999559] [0:99.999999999999503] [-59.390839548061237:157.73195876282057] [-2156.4574597410115:763.50740943825633] [-13.159698423577773:112.5] [-11.164122137404567:100] [0:1771.354] [0:100] [-2.8839282591928841:4.2442234835889048] [-5:5] [0:0.99999999999999611] [0:4] [0:0.21782913425565126] [0:1.1489850219207975] [0:1] [0:1] [-22.043160599739757:9.1877258853923394] [-552750.06000000006:556051.29999999993] [0.018475029861328648:10091.812473898446] [0.038989169675072655:3186.3875415104535] [0.00020016012810248197:1] [-74.647792001263795:705.2299471290039] [0:1] [-1636:1699] [-1.5550888801556657:24.454821377479981] [-162.90999999999985:188.76999999999998] [-0.97470188480534159:0.99254411473131787] [-4.4364982154425698:4.4458977019649026] [-2.1760005653396162:19.835266340103658] [0:2.1417695386698319] [0:0.99999999999999778] [0:0.99999999999999811] [0.00020096463022508038:1] [-21.782949255967775:66.129312707579501] [0:1] [-24.236408482572621:30.457253201639286] [0:1] [-17.32671947098963:32.426707747582405] [0:1] [-14.380005772947007:28.296971787034391] [0:1] [-16.102127207883978:27.557214591404456] [0:1] [-11.541411553549397:41.853298370653832] [0:1] [-9.4355916831187354:34.882823592069862] [0:1] [-5.5303963530134643:41.261528712368914] [0:1] [-36.303514256938577:9.9080655570535132] [0:1] [-4.7812769721138544:5.3697944408527896] [0:1] [-3.1340731804440156:55.186826243955096] [0:1] [-3.5043107084886542:47.78679389833141] [0:1] [-3.2050033239748372:54.026599012396552] [0.00020108586366378444:1] [-1.1540967712317509:20.586939351702597] [0.00019992003198720512:1] [-1.2609556163723887:56.535445299021482] [0.00020004000800160032:1] [-2.7360663538974053:60.460512885861661] [0:1] [-3.5779107331867492:12.085723625777574] [0:1] [-2.6506156769100659:18.343483916769518] [0.00020020020020020021:1] [-57.671269583382944:44.521391801313158] [0.00020024028834601522:1] [-9.7238605467002603:9.3904061886729675] [0.00020024028834601522:1] [-9.7238605467002603:9.3904061886729675] [0:1] [-40.898214329736561:35.333303020818505] [0:1] [-14.340456022298781:12.609083577309985] [0.00020016012810248197:1] [-0.26349647243272784:39.72763627741719] [0.00020036064916850331:1] [-0.27240105021304306:33.015489250957586] [0:1] [-3.4169008312256723:11.817161140128011] [0:1] [-2.4674992866700252:19.80803489750609] [0:1] [-6.4010331295131513:5.5007114984642929] [0:1] [-6.0393447467581414:5.8098632453068362] [0:1] [-42.049836949639925:41.618041731980256] [0:1] [-44.39859777844444:35.918878335313956] [0.00020016012810248197:1] [-5.8557377190585003:5.1061748923078509] [0.00020016012810248197:1] [-5.6096035140540028:5.826455226928954] [0.00020012007204322593:1] [-6.025607698620254:4.9387836782059313] [0.00020016012810248197:1] [-5.3403988851949666:5.2995113951872401] [0:1] [-7.0266681930628376:6.5032748256079129] [0:1] [-7.5480161472587861:6.0928440271645163] [0.00020004000800160032:0.99941262848751833] [-8.2396902356369637:5.4379804439707078] [0.00020032051282051281:1] [-27.460836443852209:33.864144674473991] [0:1] [-70.534751523229716:67.46255275224155] [0:1] [-0.82060698388319953:31.990596744512079] [0:1] [-2.5205403229700143:70.194612115010798] [0:1] [-44.844907918418919:45.213631414420931] [0:1] [-11.54141155369693:41.853298370982387] [0:1] [-10.328539954726168:38.225391391553707] [0.00020004000800160032:1] [-7.3991659896016495:5.7290530753948561] [0.00020004000800160032:1] [-6.978312135722458:5.7580295895246714] [0:1] [-64.557666753118184:30.763495503387443] [0:1] [-4.8459357866860238:10.768660304901818] [0:1] [-3.7669078764086468:9.3232017757698777] [0.0015078407720144752:1] [-0.79612426498060229:47.338793289440012] [0:1] [-6.3474800612827931:5.2011058641171362] [0:1] [-7.6288567383480119:5.785842295528882] [0:1] [-5.0803026900909511:4.9492135151996743] [0.00020012007204322593:1] [-13.880492013300044:19.678182599757335] [0:1] [-4.7045989485885453:6.0166133125546803] [0.0002942907592701589:0.9998929794520548] [-3.6424270562463605:4.6966507701412983] [0:1] [-22.142108680510422:9.4512994963873744] [0:1] [-48.188633168134139:40.364269707017911] [0.00020044097013429546:1] [-10.257036317974938:11.556333007029178] [0.00020032051282051281:1] [-11.733813325202224:12.16902254775067] [0.00071530758226037196:0.99705060540204904] [-6.073715906236866:5.948474818427111] [0:1] [-6.3222949720492334:5.5123759581182412] [0:1] [-5.1869931136731502:26.361593089509498] [0:1] [-2.7174768614118232:58.632083986088624] [0.00025510204081632655:1] [-1.3880424480838791:49.757486852629519] [0.0002008435428800964:1] [-1.7705505563461972:33.4377384059554] [0.00020016012810248197:1] [-11.4407511352501:5.3072620400069894] [0.00020036064916850331:1] [-12.996648008983614:5.6924155335270079] [0.00019996000799840031:1] [-2.7009898090217574:3.1774456120125545] [0:1] [0:1] [0.0032894736842105261:1] [0.0033003300330033004:1] [0.0032894736842105261:1] [0:1] [0:1] [0.0032894736842105261:1] [0:1] [0.0032894736842105261:1] [0:1] [0.014084507042253521:1] [0:1] [0.0002531004808909137:1] [0.00020052135552436334:0.99558941459502803] [0:1]
tree_sizes=3627 3615 3619 3609 3594 3598 3602 3597 3598 3607 3603 3611 3604 3598 3584 3603 3612 3595 3609 3571 3613 3584

Tree=0
num_leaves=31
num_cat=0
split_feature=256 336 93 336 230 108 93 262 115 0 337 60 25 34 115 337 125 217 105 376 217 140 34 237 140 47 125 52 132 270
split_gain=88.9349 47.3256 26.8031 20.679 18.771 14.4069 12.6674 11.7873 10.844 10.2247 9.38555 8.55336 10.2781 7.99956 7.93207 7.35311 7.20777 8.66854 8.97384 7.31427 6.52853 6.32246 12.0892 6.48054 6.0814 5.88765 5.71605 5.701 5.51076 5.36558
threshold=0.77973985884938679 0.72478048837449116 0.047426841574167218 0.95686370833215539 0.10972709628643325 0.013856812933025349 0.047426841574167218 0.95606436362597857 -6.9051209320603033e-05 9.9659000000000013 1.0187369935841522 0.010529082983523163 243401.50000000003 18549.495000000003 0.0011256324155660693 -0.011918785059754581 14.238406326229429 0.58261402328873324 0.0013995808113455024 0.80961265103056157 0.60202840756516385 0.037980519000444746 18549.495000000003 1.2398620180688911 0.078715240422252392 1.2836519854854724 10.680871165487146 0.010616094273108502 1.2960616959422027 0.98810509565050586
decision_type=2 2 2 2 2 2 2 2 2 2 2 2 2 2 2 2 2 2 2 2 2 2 2 2 2 2 2 2 2 2
left_child=1 4 3 7 8 6 15 20 -1 10 21 12 -12 -10 -15 26 -7 19 -19 25 -2 22 -3 28 -14 -18 -6 -20 -24 -28
right_child=2 9 -4 -5 5 16 -8 -9 13 -11 11 -13 24 14 -16 -17 17 18 27 -21 -22 -23 23 -25 -26 -27 29 -29 -30 -31
leaf_value=0.00032131869450128034 -0.0043667369853516921 -0.00013648428185851456 0.011785375618829091 -0.024430712834252459 0.011098488510011913 0.0021385525332026215 0.04502421293850712 -0.018123711626652612 -0.0072725992240506134 0.024899498866360632 -0.0072175113599891524 -0.015472548165141665 0.033565730557445342 0.0055244574408990664 -0.043950487616196555 0.0041756400015481605 -0.036648596026595683 0.036830974350965752 -0.024939658627172324 0.018611705289503414 -0.011095846071883183 -0.0038307923716864862 0.038190606606076441 -0.028171966754162212 -0.012342344021639511 0.018437229039841095 0.0057737465399255172 0.013937502932141193 -0.019824986835134388 0.020109962472131652
leaf_weight=315.37594606698258 670.33838649223617 148.53864271655766 94.393667242591619 142.17925492225186 766.66073744474124 725.93277092467906 12.117916842093107 167.94469913192006 67.716226269796607 17.52942042358336 106.38330537101865 193.54816864088934 15.777746379244492 6.2100816496822544 20.394044291431783 988.60061721483362 27.680872608965732 7.5074887769442311 12.631256978842432 4.0790542245085808 353.79639310220227 829.70267583938403 23.942195684663609 1.5456899164419144 5.0565744521445586 2.2579928718914735 922.81212159208371 8.5853376303421083 1.6902127537759941 42.188217339105904
leaf_count=252449 617382 122097 64496 117557 761472 682342 7814 130515 58414 13264 104787 138611 2166 475 1696 837123 4282 994 2014 687 317518 699501 1416 61 1176 177 712470 1266 131 7813
internal_value=0.000213221 0.00261157 -0.00863255 -0.0100925 0.00482633 0.00576905 0.00714285 -0.00834435 -0.00326433 -0.00386479 -0.00428192 -0.0102187 -0.00210985 -0.0150113 -0.032823 0.00694115 0.00100346 -0.01179 0.00432249 -0.0248797 -0.00670846 -0.00237133 0.00448553 0.0280245 0.0223185 -0.0315996 0.00851333 -0.0093625 0.033207 0.0064408
internal_weight=6703.12 5274.47 1428.65 1334.26 3930.75 3521.05 2732.38 1192.08 409.696 1343.71 1326.19 320.766 127.218 94.3204 26.6041 2720.26 788.675 62.742 28.7241 34.0179 1024.13 1005.42 175.717 27.1781 20.8343 29.9389 1731.66 21.2166 25.6324 965
internal_count=5662166 4414698 1247468 1182972 3331488 3018454 2326692 1065415 313034 1083210 1069946 246740 108129 60585 2171 2318878 691762 9420 4274 5146 934900 823206 123705 1608 3342 4459 1481755 3280 1547 720283
is_linear=0
shrinkage=0.04


Tree=1
num_leaves=31
num_cat=0
split_feature=142 23 363 262 115 108 254 336 64 45 5 370 71 60 80 81 149 160 168 48 275 65 81 257 38 33 370 71 367 84
split_gain=2788.87 993.4 258.909 184.949 80.5407 74.8654 55.1638 46.6736 40.1917 33.4879 27.2091 22.0197 19.7816 19.382 18.8679 17.8673 15.8679 15.3247 14.9943 14.5048 14.1806 13.6287 13.304 13.0529 12.7638 12.7116 14.3029 11.6521 11.6468 11.6291
threshold=1.0000000180025095e-35 1068.5000000000002 2.0039273117334564 0.81825228865354493 0.0024658116761596687 0.00055294447135031673 0.91726476055074213 0.960942300685938 0.21189866049609637 0.013392084976103448 1.1030500000000003 0.24954873646209388 0.13088896012164156 0.010020074023749827 0.018680500000000003 306.50000000000006 0.11003520914312927 1.5943237592794079 29.416837782340867 0.70762253606175307 -0.19464574641583562 -0.015067499999999999 469.50000000000006 0.033794900277979621 0.020451213877881628 18328.500000000004 0.97064210299504428 -0.064889125254970523 0.24146224141812692 0.13079138238203786
decision_type=2 2 2 2 2 2 2 2 2 2 2 2 2 2 2 2 2 2 2 2 2 2 2 2 2 2 2 2 2 2
left_child=2 10 4 7 8 6 17 11 13 23 -2 -3 15 -1 18 -10 -9 28 22 -13 24 -14 29 -6 -21 -8 -27 -17 -5 -4
right_child=1 3 14 5 9 -7 25 16 12 -11 -12 19 21 -15 -16 27 -18 -19 -20 20 -22 -23 -24 -25 -26 26 -28 -29 -30 -31
leaf_value=-0.0038790960794585386 0.068878980245874383 0.052186385064537016 -0.0021364568076688373 0.023283891872144347 -0.021700664285391497 -0.019666054226179716 0.011268464204814112 0.0035673878008596494 -0.024029222255803961 -0.037675462312263097 0.054002868009613306 -0.015040221715784301 -0.013432735131903453 -0.015679618935709759 -0.022191287490764555 -0.024625547080841869 0.023608443651027634 0.0059228155823917265 0.026393960114318552 0.027450508178533173 0.038145194997044884 -0.036746150261842699 -0.0055361439280674028 -0.030830606092540923 -0.0076678439803184685 0.0058654204155068491 -0.0062723455955364807 -0.014561687953434144 0.013926858051993583 0.0078860975117504735
leaf_weight=500.12011362532212 532.01374842811856 134.41700156522711 314.44010030289792 464.6487803608652 1039.8533049980833 137.74789159015563 217.31873682971855 81.164841937697929 580.15411184656841 374.64289507436479 408.23467332723521 8.8302091219375125 57.86089836883184 402.08658577204915 54.00944540598357 213.98643656119384 296.98086108442658 177.21757257287027 35.695180472699576 67.694391359640576 304.41051725599391 157.83825506664652 363.10808395461936 352.3324135315961 20.739485945556225 322.7721307437896 295.7379827506993 1512.1075960075432 417.73677547735497 446.34168278429206
leaf_count=557289 3654 2080 58797 12629 1093992 12100 8510 4929 481263 395799 2827 120 59696 361670 16461 229904 8589 4546 4049 1928 7630 159750 67381 450099 1544 9727 8511 1554047 9063 73582
internal_value=7.35997e-05 0.0267908 -0.0161474 0.0153492 -0.0200347 0.00861496 0.0106888 0.0302741 -0.0164373 -0.0269802 0.0625484 0.0378803 -0.0190309 -0.00916129 0.000485621 -0.0179164 0.0193482 0.0167412 0.00157822 0.0328581 0.0340055 -0.0306732 0.00074458 -0.0240522 0.0192271 0.0029944 6.02884e-05 -0.0158364 0.0188956 0.00374892
internal_weight=10292.2 3887.67 6404.58 2947.42 5190.98 2033.18 1895.43 914.237 3424.15 1766.83 940.248 536.092 2521.95 902.207 1213.59 2306.25 378.146 1059.6 1159.59 401.675 392.844 215.699 1123.89 1392.19 88.4339 835.829 618.51 1726.09 882.386 760.782
internal_count=5662166 98387 5563779 91906 5343509 65086 52986 26820 3403619 1939890 6481 13302 2484660 918959 220270 2265214 13518 26238 203809 11222 11102 219446 199760 1544091 3472 26748 18238 1783951 21692 132379
is_linear=0
shrinkage=0.04


Tree=2
num_leaves=31
num_cat=0
split_feature=142 20 216 80 370 339 5 64 71 5 73 58 71 20 65 149 158 115 160 337 242 255 72 62 89 270 81 66 108 36
split_gain=4418.72 923.364 278.805 85.31 79.539 62.7979 60.5295 33.5742 27.9997 23.5884 23.3824 23.3452 20.6825 19.3971 18.7802 18.4459 16.9557 15.1049 15.086 13.9367 13.4318 12.8961 12.8772 12.7159 12.942 12.4686 11.3136 10.6299 10.5575 10.5543
threshold=1.0000000180025095e-35 193.24000000000004 0.9610194039285308 0.0050862500000000005 0.98158095615051888 0.15573410181305777 1.1030500000000003 0.12145979706816394 0.17348162542821835 0.74575000000000014 0.02056788183712582 0.0067116878807284277 0.059115160463878776 1.0000000180025095e-35 0.026061500000000005 0.11840258615915396 3.558394764387891 0.0039966250656382494 0.46686882273893787 0.024046442514766165 0.081920016192779319 0.17118318514183686 0.0057990544354329298 0.83500699003002599 0.98179547643288434 0.98412321656956414 430.50000000000006 -0.0089887585352017001 0.00055294447135031673 -398.70999999999998
decision_type=2 2 2 2 2 2 2 2 2 2 2 2 2 2 2 2 2 2 2 2 2 2 2 2 2 2 2 2 2 2
left_child=2 6 3 7 5 9 29 11 14 -3 17 27 22 -8 26 28 -6 23 -15 -11 -17 -22 -4 -9 -25 -24 -5 -1 -7 -2
right_child=1 4 12 8 16 15 13 10 -10 19 -12 -13 -14 18 -16 20 -18 -19 -20 -21 21 -23 25 24 -26 -27 -28 -29 -30 -31
leaf_value=0.0013870617677566239 0.061008922936806168 0.066780532334838119 -0.020487644083689513 -0.035444589796442043 0.0059295923631511116 0.010739784529574114 0.0553744233837992 -0.014851196136599933 -0.056119787073957587 0.042403992870479475 -0.034377339693558766 -0.020686590359467901 -0.019990961949329481 0.049633853423783139 -0.044074580847644373 0.033207431112716769 -0.013100622038444682 -0.03131620901110406 0.030300544959867937 0.026309770977742977 0.022435720967121292 0.013977745408247411 -0.0032245489959052149 -0.028898699878850184 -0.020732278359802507 0.0077189837794102815 -0.026704509563798266 -0.021030094941614747 -0.018670028401952695 0.072916639200339473
leaf_weight=146.78250822913833 495.43117631605128 26.913055766599427 44.810220821134862 598.06130189305259 283.22163547409582 436.22764056442975 296.74003281820842 303.17726894502994 104.16530005455752 108.36168961480871 453.39805540212546 427.36625625451416 93.337978007963102 138.04386364703532 260.1666005212719 97.522557216740097 99.603317117278493 396.3645555394869 150.51586894861975 571.74821466520734 521.96197177683644 684.42961870438739 411.16241010019439 553.08776364717414 799.18914734152713 277.18122061099712 466.78198322738172 41.903404692100594 18.666404787229112 278.60239935610298
leaf_count=184317 2321 226 9134 651233 13629 17584 1832 350078 123070 1791 527689 492431 45471 985 303451 1982 4958 512706 1329 10871 8805 20676 135567 606232 934843 30232 606627 50698 9952 1446
internal_value=0.000178212 0.0308706 -0.0238442 -0.0277245 0.0179052 0.0205369 0.0579749 -0.0239857 -0.0358449 0.0306137 -0.0260507 -0.0155311 -0.00246496 0.0478713 -0.0341689 0.0164559 0.000935962 -0.024179 0.0398274 0.0289909 0.0188796 0.0176683 -0.000185401 -0.0224344 -0.0241101 0.00119177 -0.0316706 -0.0037597 0.00945652 0.0654718
internal_weight=9584.93 4207.99 5376.94 4550.44 2848.66 2465.83 1359.33 3121.27 1429.18 707.023 2505.22 616.052 826.492 585.3 1325.01 1758.81 382.825 2051.82 288.56 680.11 1303.91 1206.39 733.154 1655.45 1352.28 688.344 1064.84 188.686 454.894 774.034
internal_count=5662166 98387 5563779 5343375 90474 71887 7913 3658994 1684381 12888 2931548 727446 220404 4146 1561311 58999 18587 2403859 2314 12662 31463 29481 174933 1891153 1541075 165799 1257860 235015 27536 3767
is_linear=0
shrinkage=0.04


Tree=3
num_leaves=31
num_cat=0
split_feature=142 23 363 258 80 4 71 175 270 254 43 370 272 80 116 46 65 73 48 347 35 160 4 344 89 69 129 43 306 113
split_gain=4024.88 907.356 165.335 83.4021 80.9514 37.3663 33.8563 31.9497 27.4645 23.4103 22.6355 19.5611 17.0817 16.2368 15.4907 12.6434 12.4802 11.3353 11.0681 10.5026 9.62539 9.12803 8.96896 8.75736 8.32874 8.26689 8.14425 8.13948 7.89637 8.2032
threshold=1.0000000180025095e-35 892.50000000000011 2.1800403496031819 0.88915601037560654 0.0050862500000000005 1.6507500000000002 0.020816288742080639 175.86920758718955 0.98412321656956414 0.80282099796464601 0.079754275183170589 0.96673582295988947 0.66894748182324826 0.0029665000000000004 0.0034285119561874378 0.01034476713107191 0.024643500000000002 0.020899462385716602 0.95150565958211042 1.3132204093267585 -37501.499999999993 0.44788072031083126 0.32825000000000004 0.98835931720087111 1.0668700027156828 0.010816328692957124 0.88394451316941469 -0.049346232755670176 0.20573846813318461 0.093590347760941509
decision_type=2 2 2 2 2 2 2 2 2 2 2 2 2 2 2 2 2 2 2 2 2 2 2 2 2 2 2 2 2 2
left_child=2 7 4 5 6 12 14 -2 23 -5 16 13 22 28 17 -8 27 18 -1 -11 -21 -9 -3 -4 -20 -10 -15 -6 -7 -30
right_child=1 3 8 9 10 11 15 21 25 19 -12 -13 -14 26 -16 -17 -18 -19 24 20 -22 -23 -24 -25 -26 -27 -28 -29 29 -31
leaf_value=-0.014109793329922325 0.064752158664717979 0.063686429745218903 -0.016638057790493967 0.017169297020617688 -0.04616594703696298 0.0062497405431431209 -0.024894742169742263 0.053996089190752931 0.0086389084148806167 -0.0010345978045930998 -0.053174675946494249 0.006897864987905236 0.0086853317803001571 0.035829127003006368 -0.027652283866598619 -0.03458006723276591 -0.041305821404096728 -0.027850855041428462 -0.022984087760024297 0.0030283372152755208 0.012254949345977663 0.039395805009364959 0.037290979796577431 0.0028352366963210122 -0.010604603419813128 -0.014200196530682765 0.024353677149314079 -0.030238610410590602 0.02367528442403222 0.013138137952736884
leaf_weight=751.11701308365446 676.42040427465327 26.427084109571297 181.61900507683458 606.8297300697086 61.125280756423308 79.637235740188771 461.29697745993326 331.73876903457131 233.79073004500242 197.95566810403761 108.50214876309838 143.38323540689089 31.54634357948089 157.72821266440951 410.72090358353307 473.36507716824053 287.40369746145007 201.44452722217829 610.27258248819271 271.65262691978569 549.48801060603364 125.0937429209298 226.0486289507644 45.596453493562876 107.35819456898025 26.597621449811413 359.65917922087101 914.85399086347024 344.78139984665904 194.30070398228418
leaf_count=896140 3643 201 124182 12181 69721 1105 552580 1927 24965 18168 132476 8497 596 2421 558946 565853 353740 233318 753670 7294 16126 811 2391 16644 128536 10238 14836 1142770 4432 3758
internal_value=0.000169791 0.0282631 -0.0247417 0.0173189 -0.0271965 0.0239147 -0.0234987 0.0589796 -0.00263322 0.0109547 -0.0352785 0.0209388 0.0370808 0.0226956 -0.0206141 -0.0298633 -0.0336599 -0.0188523 -0.0175819 0.00722782 0.00921734 0.0501873 0.0405327 -0.0127396 -0.0211667 0.00621553 0.0279765 -0.0313285 0.0182037 0.01994
internal_weight=9197.76 4322.69 4875.06 3189.44 4387.46 1563.51 3015.58 1133.25 487.604 1625.93 1371.89 1279.49 284.022 1136.11 2080.91 934.662 1263.38 1670.19 1468.75 1019.1 821.141 456.833 252.476 227.215 717.631 260.388 517.387 975.979 618.719 539.082
internal_count=5662166 98387 5563779 92006 5387750 38237 3689043 6381 176029 53769 1698707 35049 3188 26552 2570610 1118433 1566231 2011664 1778346 41588 23420 2738 2592 140826 882206 35203 17257 1212491 9295 8190
is_linear=0
shrinkage=0.04


Tree=4
num_leaves=31
num_cat=0
split_feature=142 23 270 376 37 158 175 71 45 275 370 108 149 80 45 80 72 62 336 336 263 164 149 24 156 306 376 31 62 69
split_gain=3518.3 850.026 113.913 79.1211 76.6458 35.4968 28.6495 27.6288 27.382 22.4646 21.3322 20.3882 20.23 14.0246 12.0241 11.1107 11.0637 11.0113 10.6889 10.6195 10.5491 9.10563 8.06831 7.98223 7.47323 7.38464 7.83803 7.37236 7.32045 7.14651
threshold=1.0000000180025095e-35 892.50000000000011 0.98412321656956414 0.80037593984962419 0.0016545000000000002 0.99519432929881824 175.86920758718955 0.020816288742080639 0.013056723448933697 0.9212414102165537 0.68190525949146641 1.0000000180025095e-35 0.14852293867426145 0.0017487500000000003 0.014251669923740362 0.016130750000000003 0.0057990544354329298 0.81369979575006124 0.58482829089913702 0.65873514290693636 3.7869163738502762 5.009629257203275 0.11399311674409619 16035.205000000002 13.003828001835766 0.20573846813318461 0.040089285714285723 7101.5000000000009 0.70582748760789238 0.010816328692957124
decision_type=2 2 2 2 2 2 2 2 2 2 2 2 2 2 2 2 2 2 2 2 2 2 2 2 2 2 2 2 2 2
left_child=2 6 4 5 7 18 -2 14 15 -4 19 13 23 25 17 -6 -11 -1 -3 -5 -14 -19 -15 27 -24 -7 -27 -12 -10 -18
right_child=1 3 9 10 8 11 -8 -9 28 16 12 -13 20 22 -16 -17 29 21 -20 -21 -22 -23 24 -25 -26 26 -28 -29 -30 -31
leaf_value=-0.0099403494884906796 0.062034601857678881 0.045221315397376491 -0.024845223915331824 0.037544968194400057 -0.027188049246152871 0.0037509420563784437 0.047800845582495186 -0.027147791305579011 -0.018801638545578623 -0.036138353567610075 -0.013135538401852782 -0.017954397158960786 0.012773746165505839 0.014644345857616108 -0.027873186927837943 -0.036753283657512396 0.0063157051301091054 -0.023763315381635768 0.028364422516619015 0.015476369672058492 0.0017390953426971749 -0.016239898937092028 0.02232949607170889 -0.010172971431287838 0.032954908233029115 0.031611466138857382 0.015798646733518329 0.005605037658483387 -0.042548927810563401 -0.021912541168692071
leaf_weight=301.29441312183917 686.853871525469 111.63099361302375 52.156569569649946 38.099553091473354 1132.8225870662354 71.78726806222403 410.62583319362602 799.40714174696404 26.745300090871751 8.9941065027232963 37.312474802434735 21.381493116976344 675.59736452729339 114.1162589264095 183.3698410372308 259.73923355856095 260.90419417374505 385.51160343627271 172.83945631889583 367.27199367726644 175.13856519245019 883.45364014878578 279.4571186441899 100.88491041006273 203.2565528052146 56.632300098623091 508.52283424955749 230.86807599343592 378.41354937801407 13.242604306236897
leaf_count=384592 3643 1073 51081 822 1446220 1316 2738 983294 30784 1502 4444 6234 15322 6571 216145 333515 23288 436235 2085 7771 5136 1176831 5434 11441 3828 506 8405 11618 470211 10081
internal_value=0.000208178 0.0265006 -0.0237077 0.0159623 -0.0254382 0.0224589 0.0568056 -0.0209494 -0.0317827 -0.00123458 0.00978768 0.0195087 0.00712531 0.020186 -0.018096 -0.0290223 0.00325843 -0.0169203 0.0352489 0.0177247 0.0105115 -0.0185593 0.0246305 -0.00069476 0.0269211 0.0159573 0.0174891 0.00291969 -0.0410814 0.00480332
internal_weight=8948.33 4262.28 4686.05 3164.8 4350.76 1539.62 1097.48 2553.04 1797.72 335.297 1625.17 1255.15 1219.8 1233.77 1753.63 1392.56 283.141 1570.26 284.47 405.372 850.736 1268.97 596.83 369.065 482.714 636.942 565.155 268.181 405.159 274.147
internal_count=5662166 98387 5563779 92006 5477827 35452 6381 3197097 2280730 85952 56554 32294 47961 26060 2213803 1779735 34871 1997658 3158 8593 20458 1613066 15833 27503 9262 10227 8911 16062 500995 33369
is_linear=0
shrinkage=0.04


Tree=5
num_leaves=31
num_cat=0
split_feature=142 23 270 80 376 356 4 71 256 71 5 370 108 115 129 65 4 230 337 181 19 275 88 59 34 256 46 103 233 370
split_gain=3057.22 760.583 99.697 68.3909 63.3811 29.4615 26.4054 26.2626 21.3076 21.112 21.0687 18.9678 15.3744 12.3706 11.9697 11.546 10.9965 10.8806 10.5045 11.6883 10.1993 9.96524 9.20626 11.3108 8.98143 8.81051 8.33014 8.17201 8.86616 7.7869
threshold=1.0000000180025095e-35 1068.5000000000002 0.98412321656956414 0.0050862500000000005 0.47884339937932685 0.7439969905466971 4.5111500000000007 0.020816288742080639 0.14572884788361404 0.15065510499011417 2.6718500000000005 0.42880716643092881 1.0000000180025095e-35 0.0038027243468299336 1.7840694573210951 0.024643500000000002 17.363350000000004 0.99611180956733125 4.4731772118768367 0.24928571428571461 1.0000000180025095e-35 -0.17014919584451479 1.0000000180025095e-35 0.010474750808011796 1049.8900000000003 0.6379503277070494 0.009949299423699369 0.081692902300260398 4.6503385197818465 0.84219357117626281
decision_type=2 2 2 2 2 2 2 2 2 2 2 2 2 2 2 2 2 2 2 2 2 2 2 2 2 2 2 2 2 2
left_child=2 5 3 7 11 -2 8 13 -6 15 -4 -3 14 22 16 -5 -8 18 19 25 -7 -13 -1 -24 -19 -10 -9 -16 -29 -21
right_child=1 4 10 9 6 20 12 26 17 -11 -12 21 -14 -15 27 -17 -18 24 -20 29 -22 -23 23 -25 -26 -27 -28 28 -30 -31
leaf_value=-0.019946344675416058 0.060021919802355828 0.034321296494536357 0.0034197046070085545 -0.027973657733483759 0.053712896071327745 0.04995883917910441 0.015163671414972759 -0.022104065275770138 0.017466979459581079 -0.048283027858890659 -0.021731014611985386 0.015153795370019499 -0.023903503093614213 -0.02490500213676166 0.010772357925589303 -0.037758501062496806 -0.0017560310956197464 0.027475248617521236 -0.0021360258096790661 0.018564365457334048 0.035910772858615929 0.025661962512300449 -0.010770156893833474 -0.020952680371364562 0.012439461858825916 -0.00067594408551871932 -0.03021526188351055 -0.0024522247874170715 0.0089184253260351076 0.0043972345894052337
leaf_weight=774.83921507331252 577.39325883123092 218.00836430478375 266.73456052193069 938.04394293447695 21.276859480654821 345.1788163332676 401.42449741174278 406.08300113158475 61.473993629166216 118.8483832282127 64.485360152424619 309.21242082848039 23.275804639568378 378.1731368617402 216.34066964038357 271.74493970536059 72.045431725109665 167.64208273102122 72.112135911360383 483.08255526868743 146.45646823343122 294.62053453187036 600.4552369123121 251.08126065014221 110.58791172983183 131.21893337656002 494.92235501110554 318.93997903998388 164.78843088142457 72.863848698078073
leaf_count=925740 3082 3247 36842 1225161 427 2255 8852 512927 1135 150537 48868 6088 13225 525177 7348 349646 2448 2044 1130 9849 1103 5541 830949 331784 1593 2838 623354 16415 8082 1576
internal_value=-5.80757e-05 0.0245308 -0.0227225 -0.024375 0.0145885 0.053642 0.0111865 -0.0209074 0.0155994 -0.0319152 -0.00157794 0.0241295 0.00703671 -0.0183173 0.00768999 -0.0302302 0.0125925 0.0147653 0.0123911 0.0137924 0.0459364 0.0203487 -0.0167568 -0.0138146 0.0216304 0.00523209 -0.0266166 0.00434789 0.00144211 0.01673
internal_weight=8773.35 4207.94 4565.41 4234.19 3138.91 1069.03 2317.07 2905.55 1120.26 1328.64 331.22 821.841 1196.81 2004.55 1173.54 1209.79 473.47 1098.98 820.751 748.639 491.635 603.833 1626.38 851.536 278.23 192.693 901.005 700.069 483.728 555.946
internal_count=5659263 98278 5560985 5475275 91838 6440 76962 3749931 20592 1725344 85710 14876 56370 2613650 43145 1574807 11300 20165 16528 15398 3358 11629 2088473 1162733 3637 3973 1136281 31845 24497 11425
is_linear=0
shrinkage=0.04


Tree=6
num_leaves=31
num_cat=0
split_feature=142 24 37 107 270 376 252 80 71 149 4 45 254 37 73 275 181 108 72 33 18 20 228 270 61 44 75 181 370 276
split_gain=2698.14 700.649 82.6264 57.9754 47.8295 33.2568 29.6961 28.2115 20.4189 18.4025 15.5056 15.4352 15.0761 13.1995 12.3309 11.6049 11.1629 10.1392 10.0114 9.84234 10.3436 9.81089 9.62582 9.40615 9.32434 8.94463 8.56258 8.13519 8.08058 7.75795
threshold=1.0000000180025095e-35 121.19000000000001 0.0016545000000000002 1.0000000180025095e-35 0.98412321656956414 0.88006849315068503 0.59711071756526313 0.016130750000000003 0.020816288742080639 0.11399311674409619 17.363350000000004 0.0098343891866655136 0.29165732057734467 0.0016545000000000002 0.018430344320550691 0.9212414102165537 0.4892857142857146 1.0000000180025095e-35 0.0053998384489198029 16321.500000000002 889206.35395000002 1.0000000180025095e-35 0.99616637361685367 0.98412321656956414 1.0154244170319771 0.0089345964583374682 0.94639252170306587 1.9491883116883113 0.68607258316821362 0.11866934447673297
decision_type=2 2 2 2 2 2 2 2 2 2 2 2 2 2 2 2 2 2 2 2 2 2 2 2 2 2 2 2 2 2
left_child=2 6 4 12 8 9 -2 11 14 -5 13 23 -3 24 18 -6 28 19 -1 22 -21 -8 -7 -4 -11 -20 -26 -24 -15 -14
right_child=1 3 7 5 15 17 21 -9 -10 10 -12 -13 29 16 -16 -17 -18 -19 25 20 -22 -23 27 -25 26 -27 -28 -29 -30 -31
leaf_value=0.0021231421471080312 0.05779067408092365 0.045720580369566693 -0.023209599127129214 0.0072750666074331951 -0.024109778713794099 0.0072620401756253849 0.04754643374943162 -0.037334776189906979 -0.024276513022427677 0.011007953069876184 0.00070434413208153904 -0.031410007996570094 9.8524863551554734e-05 0.02229498518108463 -0.022640616283315203 0.0032614026280994952 0.027454434713614355 -0.021975597157210276 -0.017284955596552489 -0.00081643490710239211 0.011163193716318907 0.03358908754820298 0.020168158964656211 -0.0049051081888955043 0.00048065649730495675 -0.0095997782350265431 0.025346835991755003 -0.0074219240610229218 0.0072181372049443474 0.026966540518096375
leaf_weight=55.770611329935491 572.20594027312472 77.947668883221922 852.62113846829016 341.57733554014339 26.078321443052118 474.06894648496382 329.01134300616104 429.98169624112597 765.45621067638422 400.21576769052626 79.863235298809741 466.71022920876021 18.855944656737847 138.54289755377249 384.24107071154867 209.25162292305686 371.5346745425486 17.39496913601397 881.02105023003242 351.31137071108606 169.49486245136359 141.16136022617866 185.29920514781406 48.701325471993187 25.748769429861568 346.8387418428465 160.362748696778 17.809337215141568 100.09075494623539 194.9155588682479
leaf_count=77034 3082 738 1154140 19254 31515 11632 2242 562840 983002 4962 3176 579029 191 2513 474056 19020 6307 9915 1208984 17230 6028 1129 2724 17889 281 453476 2116 731 2264 1763
internal_value=-6.5137e-05 0.0230787 -0.0216591 0.0135892 -0.0171692 0.0118246 0.0514476 -0.0282966 -0.0188332 0.0155802 0.017788 -0.0254055 0.0305307 0.0189252 -0.0163089 5.06235e-05 0.0230745 0.00680762 -0.0143813 0.00726148 0.00311009 0.043516 0.0104357 -0.0222336 0.0145434 -0.0151332 0.0219483 0.0177002 0.0160838 0.0246195
internal_weight=8634.08 4167.41 4466.67 3125.03 2668.66 2833.31 1042.38 1798.01 2433.33 1617.94 1276.36 1368.03 291.719 1196.5 1667.87 235.33 610.168 1215.38 1283.63 1197.98 520.806 470.173 677.177 901.322 586.327 1227.86 186.112 203.109 238.634 213.772
internal_count=5659263 98278 5560985 91825 3247087 89133 6453 2313898 3196552 40873 21619 1751058 2692 18443 2213550 50535 11084 48260 1739494 38345 23258 3371 15087 1172029 7359 1662460 2397 3455 4777 1954
is_linear=0
shrinkage=0.04


Tree=7
num_leaves=31
num_cat=0
split_feature=142 23 37 129 270 248 80 337 115 255 45 376 71 156 275 312 336 128 149 66 43 345 83 313 376 166 231 73 62 91
split_gain=2380.89 658.416 79.2785 52.6081 40.9619 26.1793 24.5551 21.4312 19.0906 18.9862 13.7476 13.2387 13.1634 10.0138 9.95418 9.92032 9.76186 9.5209 9.5835 8.88536 8.46419 8.30506 7.73494 8.09771 7.65592 7.61825 7.84771 7.36292 9.80645 7.2269
threshold=1.0000000180025095e-35 1068.5000000000002 0.0016545000000000002 1.1552717930041256 0.98412321656956414 0.67427726328763427 0.016130750000000003 0.37439861219194731 0.003895655497716644 0.7357774857001832 0.0098343891866655136 0.81336523125996829 0.020816288742080639 12.971599165828723 0.9212414102165537 0.13209191300198095 0.31647460403514577 2.3536646643754278 0.11003520914312927 -0.016849693375764915 -0.035288014112021253 -1.7138477161414558 136.7310404667692 0.32403606127922308 0.72420131845841795 0.11200277767239879 0.92836058428835699 0.020899462385716602 0.81959877024621608 0.099999999999999992
decision_type=2 2 2 2 2 2 2 2 2 2 2 2 2 2 2 2 2 2 2 2 2 2 2 2 2 2 2 2 2 2
left_child=2 5 4 7 8 -2 10 -3 12 11 -4 25 27 21 -6 -15 -7 18 24 20 -16 -9 -23 -24 -11 -5 -27 28 -1 -28
right_child=1 3 6 9 14 16 -8 13 -10 17 -12 -13 -14 15 19 -17 -18 -19 -20 -21 -22 22 23 -25 -26 26 29 -29 -30 -31
leaf_value=-0.0053170942952564006 0.055144900706123406 0.031530466068206711 -0.021335920075913641 0.001580553520631177 -0.02302180368114911 0.049964804662321047 -0.035591978998037885 -0.014217893033918324 -0.025311810161855349 0.0060487584077958956 -0.030098498276102552 0.0091070118077433322 -0.020942945512812807 -0.0013405036843641036 0.010233213491451763 0.025086968225106858 0.035886469294983042 -5.6004368708310541e-05 0.01109763285537446 0.01170632512279542 -0.012558199782552062 0.025325388889433278 0.0062289968965134161 0.020144211075111593 -0.013938402924966184 -0.026721182337749744 0.012631344210791845 -0.021543885254715719 -0.014413147351255203 0.023335261564435418
leaf_weight=240.41432610386983 608.65053291682852 223.46658113348531 881.52359832312504 44.587855579207826 24.783768874891393 150.68025636562379 424.32221652630324 15.826893600391484 432.75082391202886 80.72119769308847 456.64005821380852 779.36134075005612 597.50362373937242 24.643344237178098 37.985546362586319 262.93222032021004 256.21867819264298 371.94636062285645 424.09720901496257 95.608913047995884 73.633477320159727 76.794447465828853 198.59783506401436 101.23915780516472 46.747895355922083 4.2963088835604131 167.56742921906334 171.95491685134766 956.17754281040106 291.93976477651449
leaf_count=324653 3426 2923 1172029 1048 31515 1056 562840 189 587779 3825 579029 21421 784665 463 2468 3711 1958 23070 10766 11419 5133 1111 4406 1451 6650 1863 3402 217774 1281681 5539
internal_value=-3.97384e-05 0.0217581 -0.0205333 0.0126226 -0.0161125 0.0496973 -0.0271064 0.020752 -0.0176635 0.00928533 -0.0243666 0.0124228 -0.0159561 0.017128 -6.24271e-05 0.0228287 0.0413188 0.00489309 0.00821864 0.00287725 -0.00475836 0.0128562 0.014063 0.0110298 -0.0013834 0.0174502 0.0189625 -0.0137514 -0.0125975 0.0195035
internal_weight=8523.61 4130.32 4393.3 3114.77 2630.81 1015.55 1762.49 903.5 2398.8 2211.27 1338.16 1287.75 1966.05 680.034 232.012 287.576 406.899 923.513 551.566 207.228 111.619 392.458 376.631 299.837 127.469 508.391 463.804 1368.55 1196.59 459.507
internal_count=5659263 98278 5560985 91838 3247087 6440 2313898 14254 3196552 77584 1751058 33273 2608773 11331 50535 4174 3014 44311 21241 19020 7601 7157 6968 5857 10475 11852 10804 1824108 1606334 8941
is_linear=0
shrinkage=0.04


Tree=8
num_leaves=31
num_cat=0
split_feature=142 23 115 128 270 32 370 41 43 255 71 370 376 65 337 19 181 62 159 275 56 58 64 304 50 22 336 346 46 39
split_gain=2080.9 618.564 65.2117 48.8751 38.727 25.6597 22.0983 20.8456 17.8259 16.187 14.2914 13.8617 12.2091 10.9685 10.4338 9.21943 8.53532 8.48032 7.91522 7.59059 7.47124 7.43636 10.5421 7.28494 7.26158 6.67673 6.61826 6.57181 6.44187 6.24835
threshold=1.0000000180025095e-35 1068.5000000000002 0.0036113093618646013 1.2495717726387119 0.98412321656956414 378.29500000000007 0.13051589876703443 0.0096489212063697333 0.079754275183170589 0.7357774857001832 0.0098609736735161286 0.96673582295988947 0.70840395480226004 0.024643500000000002 -0.2235219553938155 1.0000000180025095e-35 0.44857142857142868 0.81369979575006124 1.5936336806827105 0.9212414102165537 -0.0024648531273814274 0.0079859614038405493 0.10520634840295 0.51272985942877558 0.98806091713627042 1172.575 0.99637754060595463 0.98422800898143892 0.014630756337651664 -0.034841272314998721
decision_type=2 2 2 2 2 2 2 2 2 2 2 2 2 2 2 2 2 2 2 2 2 2 2 2 2 2 2 2 2 2
left_child=2 5 4 6 7 -2 -3 10 13 12 17 14 28 18 24 -7 -16 20 -4 -6 -1 22 29 -13 -8 -14 -18 -11 -5 -19
right_child=1 3 8 9 19 15 11 -9 -10 27 -12 23 25 -15 16 -17 26 21 -20 -21 -22 -23 -24 -25 -26 -27 -28 -29 -30 -31
leaf_value=-0.0046980499387113224 0.058487853558890003 0.038940940254328767 -0.021086923443575909 0.019843774066123084 -0.021719386319267807 0.046287875237458989 0.034642759089444884 -0.026377676126841065 -0.043314879869618357 -0.00096922378933771418 -0.019945952031675363 -0.0067927660514590735 0.021101954554631708 -0.034992651481550847 0.010872898302137435 0.03441067102356285 0.020778268855076096 -0.017156659386334816 -0.02882239904586879 0.0023401878647300641 -0.019028193754985767 -0.017630111440467257 -0.014514340622842972 0.012849979779915637 -0.0026381893910764902 0.0071346197676864795 0.0066783750122856554 0.006446135745479315 0.0031483663704124881 0.004877105717947308
leaf_weight=264.11085028777597 283.46414394339081 74.798868686160858 689.68204449887708 264.26506733250062 21.357794208814084 538.13518898576149 82.609441107113526 359.18888932847221 98.722139632198378 339.38430701015022 924.29215807561741 56.206204907590291 57.700904195131443 170.60179662681185 286.02312051918125 171.5484365982411 550.81744543697641 24.884988880308811 343.47479008862865 204.16155669725413 73.507179820313468 746.8424645519699 333.98635048276628 61.073548569689592 8.9743635438426264 774.52839486118319 61.593118055432569 434.66310949855688 43.913776535162469 85.987633725526393
leaf_count=356217 1402 801 912785 5052 27289 3637 842 478596 124933 30361 1229160 2788 841 225162 3839 1401 8242 33556 462906 21356 95066 1000750 468939 1498 103 22342 977 11362 2790 124270
internal_value=-4.5581e-06 0.0204641 -0.0192897 0.0116387 -0.0160594 0.0479022 0.0180313 -0.0173373 -0.0267888 0.00767678 -0.0159934 0.0165512 0.010704 -0.0253638 0.0180895 0.0435216 0.0167063 -0.0135817 -0.0237093 -0.000109266 -0.00791173 -0.0151721 -0.010985 0.00348016 0.0310113 0.00815128 0.0193865 0.00320072 0.0175004 -0.000284671
internal_weight=8430.5 4089.7 4340.8 3096.55 3038.32 993.148 1182.1 2812.8 1302.48 1914.46 2453.61 1107.3 1140.41 1203.76 990.017 709.684 898.434 1529.32 1033.16 225.519 337.618 1191.7 444.859 117.28 91.5838 832.229 612.411 774.047 308.179 110.873
internal_count=5659263 98278 5560985 91838 3835199 6440 19090 3786554 1725786 72748 3307958 18289 31025 1600853 14003 5038 13058 2078798 1375691 48645 451283 1627515 626765 4286 945 23183 9219 41723 7842 157826
is_linear=0
shrinkage=0.04


Tree=9
num_leaves=31
num_cat=0
split_feature=142 23 116 128 270 248 80 107 43 73 158 48 108 80 254 242 336 347 65 108 71 376 376 264 91 48 71 306 66 342
split_gain=1787.79 592.492 66.6943 47.8252 33.3756 26.3241 22.1019 21.1442 15.7136 15.2296 15.1693 15.0837 11.8446 11.5155 10.4785 9.69062 9.00167 8.89218 8.83363 8.48662 8.26601 8.14106 8.1134 7.84151 7.5846 8.1074 7.36222 7.35301 6.90203 6.75216
threshold=1.0000000180025095e-35 1068.5000000000002 0.0036113093618645163 1.2495717726387119 0.98412321656956414 0.67427726328763427 0.0017487500000000003 0.013840830449827035 0.079754275183170589 0.020899462385716602 1.2636322545319649 0.94790328696096904 1.0000000180025095e-35 0.0050862500000000005 0.29571484848334545 0.31487711457603657 0.31647460403514577 1.9265498760471214 0.024643500000000002 1.0000000180025095e-35 -0.12350105689601514 0.87522893772893784 0.38475373547316 0.019774885179457188 0.099999999999999992 0.93190688420581602 0.047266705710248276 0.20573846813318461 -0.046662932928444915 0.14081667191426187
decision_type=2 2 2 2 2 2 2 2 2 2 2 2 2 2 2 2 2 2 2 2 2 2 2 2 2 2 2 2 2 2
left_child=2 5 4 7 6 -2 9 14 18 11 17 20 15 27 -3 -12 -7 -5 -4 -15 -1 -19 -17 -16 25 -24 -8 -9 -22 -29
right_child=1 3 8 10 -6 16 26 13 -10 -11 12 -13 -14 19 23 22 -18 21 -20 -21 28 -23 24 -25 -26 -27 -28 29 -30 -31
leaf_value=-0.025855605014960672 0.051856033627486503 0.039808563985971171 -0.022823457005657483 0.0041545366974171764 -6.9274384391530177e-05 0.046201261211813546 -0.018734152554297528 -0.0014762554028525613 -0.041340766757528943 -0.021554761726100224 0.012482471340870127 -0.015349716372005684 -0.026323124879531361 0.020049676823546598 0.032529137297603858 0.013288274265745356 0.032433720737647026 0.02513347398110119 -0.033068457516671292 -0.023388737668619576 0.0071983860008624379 0.011255627692966293 -0.0095435657325393837 0.014288690220076091 0.0048770913834501458 0.0024700287787819217 -0.027031090461996934 0.022487982492755517 -0.0076040815018995822 0.0098327139161509085
leaf_weight=35.186102190273232 581.7502125732135 74.912189157366811 999.33549666001636 121.42928292274883 228.58540943763546 142.67387766114553 635.50751192214375 73.831504576388397 97.566281525485465 314.21161240210495 232.57363554058247 881.44815691610711 17.589029595434113 382.0126006421815 62.076771125590312 122.56623146664424 242.83260594576132 118.87580476681251 168.84640543857677 5.7416341355419709 53.360301728273043 168.09903326429776 142.5223888339533 107.32485616156191 735.91105080251873 236.12765949177265 256.88687933234905 81.396823138042237 610.60975818388397 406.41111714873114
leaf_count=44952 3426 752 1375691 3519 48645 1056 880538 1154 124933 420361 6440 1202662 14180 7003 529 3134 1958 1324 225162 1598 68019 2429 5026 930 25790 10906 344805 840 825217 6284
internal_value=8.13619e-06 0.0190315 -0.0180166 0.0104634 -0.0147641 0.0463199 -0.0159683 0.0167313 -0.0257304 -0.0134952 0.00650308 -0.0118678 0.00461661 0.0139769 0.0272345 0.00502216 0.0377412 0.0133171 -0.0243582 0.0192897 -0.0074467 0.0171385 0.00360177 0.0212744 0.00251467 -0.00207823 -0.0211776 0.0102535 -0.00639643 0.0120276
internal_weight=8338.2 4056.66 4281.54 3089.4 3015.8 967.257 2787.21 1193.71 1265.75 1894.82 1895.69 1580.6 1487.29 949.394 244.314 1469.7 385.506 408.404 1168.18 387.754 699.156 286.975 1237.13 169.402 1114.56 378.65 892.394 561.639 663.97 487.808
internal_count=5659263 98278 5560985 91838 3835199 6440 3786554 19090 1725786 2561211 72748 2140850 65476 16879 2211 51296 3014 7272 1600853 8601 938188 3753 44856 1459 41722 15932 1225343 8278 893236 7124
is_linear=0
shrinkage=0.04


Tree=10
num_leaves=31
num_cat=0
split_feature=142 24 37 376 36 43 116 5 271 336 370 93 44 346 75 60 89 341 17 80 255 72 25 4 50 63 336 84 194 83
split_gain=1577.83 581.665 59.9929 51.3597 23.2201 21.7804 21.2368 21.1588 17.6771 17.553 17.1144 12.8198 12.6048 12.2172 11.0699 10.0379 11.6044 10.032 8.76142 8.39761 8.34991 7.95981 7.79211 7.33605 7.85574 6.99308 6.89623 6.56976 6.39217 6.06891
threshold=1.0000000180025095e-35 121.19000000000001 0.0016545000000000002 0.487244565924769 -387.81999999999994 0.063356922799000528 0.0037058563936768732 0.88865000000000005 1.2997921496031313 0.59677622337877467 0.96673582295988947 0.047426841574167218 0.013888382930615692 0.96846540099913414 0.94453399258109683 0.010746260185998195 0.9619430634188666 -0.5958233164417357 187954.16390000001 0.016130750000000003 0.25632247089137922 0.0069281760995889294 11632.500000000002 1.1515500000000001 0.98318319805191112 -1.260074643009057 0.99637754060595463 0.074338495360400977 87.499999998593765 163.15014044943823
decision_type=2 2 2 2 2 2 2 2 2 2 2 2 2 2 2 2 2 2 2 2 2 2 2 2 2 2 2 2 2 2
left_child=2 4 6 9 22 12 8 -5 14 23 11 -9 19 -13 25 16 -16 -15 -11 -4 28 -10 -2 -3 -25 -1 -20 -17 -19 -27
right_child=1 3 5 7 -6 -7 -8 10 21 18 -12 13 -14 17 15 27 -18 20 26 -21 -22 -23 -24 24 -26 29 -28 -29 -30 -31
leaf_value=-0.040151228866428551 0.0439549723575254 0.043149473824040094 -0.01818153240318986 0.048964096232056165 0.055565055751553079 -0.036586179159973364 -0.021151452968977608 -0.00547506906004181 -0.025270263907113798 -0.0093646528138602442 -0.0025074373012226566 0.0024021351360302128 -0.030311220778703331 0.016150268543167621 -0.021573395695808958 -0.012678536419143184 -0.0082374595229928408 0.01373379251609894 0.01699897810684322 -0.026787083573381856 0.0045134686315098684 0.0021934814674594914 0.033176505359348483 0.026516994409940056 -0.0081172595546896639 -0.0096910667469469174 0.0037746581976138473 -0.021817253416506203 -0.00073253882620141113 0.00056077113782525539
leaf_weight=9.2027721203558013 483.50838269901578 45.824458755778323 1076.9985141041761 16.420722402748652 274.34345474140719 168.55526535983154 436.25568493815626 115.3432013153033 16.531835042333114 21.95409570949414 330.45675746663983 434.49266117986917 218.38837200507987 333.07238858462733 134.65546246696613 203.25395230367576 467.08391333238978 401.57968148713553 612.59806102284711 231.47760380303953 508.35739153315444 188.03758870917227 187.38673897593981 114.20281347939454 10.620403681292371 587.41243910736375 71.787422236258863 385.87399800484309 55.380576949839451 109.31376956086024
leaf_count=11313 3565 482 1474462 155 1416 228537 623038 7301 4051 606 21602 24395 292061 5474 180576 243351 688391 5826 10578 320438 10963 42176 1473 1921 168 773598 1414 516335 907 162871
internal_value=1.49417e-05 0.0179664 -0.0170222 0.00950989 0.0453727 -0.0228536 -0.0131112 0.00623094 -0.0114235 0.0176843 0.00586425 0.00736218 -0.0212918 0.00822197 -0.0126271 -0.0149865 -0.0112833 0.0101628 0.0148259 -0.0197425 0.0080678 -0.000249119 0.041052 0.0292069 0.0234887 -0.00861586 0.0156269 -0.0187179 0.011985 -0.00808559
internal_weight=8250.37 4017.33 4233.04 3072.09 945.239 1695.42 2537.62 2195.1 2101.37 876.987 2178.68 1848.23 1526.86 1732.88 1896.8 1190.87 601.739 1298.39 706.34 1308.48 965.318 204.569 670.895 170.648 124.823 705.929 684.385 589.128 456.96 696.726
internal_count=5659444 98246 5561198 91792 6454 2315498 3245700 76623 2622662 15169 76468 54866 2086961 47565 2576435 1628653 868967 23170 12598 1794900 17696 46227 5038 2571 2089 947782 11992 759686 6733 936469
is_linear=0
shrinkage=0.04


Tree=11
num_leaves=31
num_cat=0
split_feature=142 23 37 338 115 107 2 149 45 158 43 213 340 271 72 148 88 72 206 47 296 343 75 379 164 80 101 150 166 149
split_gain=1366.13 540.73 57.2523 48.1321 24.1594 23.6513 23.253 16.1604 15.2569 14.2038 13.8716 10.0391 10.5772 9.61961 11.3618 9.35364 8.47729 10.9105 8.43681 8.39322 8.24127 8.05677 8.01643 7.39078 7.15878 6.95028 6.76539 6.71629 6.09435 8.41723
threshold=1.0000000180025095e-35 892.50000000000011 0.0055460000000000006 0.70103915778139825 0.0036113093618646013 0.0089490727422361829 9234.0170000000016 0.18287059942866993 0.014156772091450448 3.1289270216286886 0.063356922799000528 -2112.2399999999993 0.50296893446591506 2.1143413452663258 0.0069281760995889294 -1130.0989999999999 1.5000000000000002 0.0056686951136223551 0.9999999999990784 1.0313797862466221 0.85076722589861287 1.65349189735771 0.9296716786569158 0.66180720843250607 5.1014696803385977 0.024173250000000004 0.12792393476543476 0.094747435487048517 0.29001058544734587 0.11399311674409619
decision_type=2 2 2 2 2 2 2 2 2 2 2 2 2 2 2 2 2 2 2 2 2 2 2 2 2 2 2 2 2 2
left_child=2 6 4 5 8 15 -2 18 13 28 25 12 -9 16 -15 -3 22 -18 21 23 -8 26 24 -14 -1 -4 -5 -13 29 -7
right_child=1 3 10 7 -6 9 20 11 -10 -11 -12 27 19 14 -16 -17 17 -19 -20 -21 -22 -23 -24 -25 -26 -27 -28 -29 -30 -31
leaf_value=-0.0099475049064130412 0.051690601987929741 0.022646659456238213 -0.020870977497169901 0.0087302433643035166 -0.019950870667483262 0.006085348231143122 0.04383226315885224 0.011778697110207013 -0.020217619478776063 -0.011879313404401083 -0.037041444294141329 0.01229303986031747 0.0010707766130446711 -0.037463080678395488 0.0020216038523091519 0.042759168609472466 0.011926207653696506 -0.0084118097848026735 0.0046721714232090053 0.010018752159387505 0.032771915091566295 -0.0092822357899885431 -0.014441669272208925 -0.013189550322711827 0.0049740348975818981 -0.031802973282155596 -0.0063024587116045309 -0.017625644949876444 0.0098858882105766349 0.020642310185527802
leaf_weight=367.96545218389292 382.55665820464492 169.74201219978568 789.94818445756391 111.18749869655585 673.70306618747418 83.780016468317626 245.14124057680601 210.88598539937811 278.31690952837198 34.34751872340712 120.3030146675228 636.43676833906284 210.25433284785686 10.604064393555744 153.91801067299093 51.422349619380839 44.214748189770035 515.21031337177556 476.94935845054715 110.24013776278662 278.69419770746026 183.20631510164094 1067.1919118150181 78.244607185421046 58.503801003360422 114.25000080998143 81.194249133652193 10.554837443196446 332.03163939834849 292.1497960364577
leaf_count=463809 2237 1581 1104834 5682 968023 3303 1838 3534 360971 2617 163314 12948 4008 2519 23040 481 61030 754708 20966 2686 2280 12816 1420869 1378 83942 154139 7885 259 7918 3829
internal_value=3.38853e-05 0.0168193 -0.0158911 0.0087973 -0.0132187 0.0161973 0.0439343 0.00540481 -0.0113871 0.0127156 -0.024117 0.00828525 0.00457946 -0.0102616 -0.000942714 0.0276643 -0.0110067 -0.00676761 0.00114966 0.000732129 0.0380949 -0.00332453 -0.0125832 -0.00286099 -0.00788688 -0.0223194 0.00238616 0.0117521 0.013939 0.0174475
internal_weight=8173.15 3979.02 4194.13 3072.63 3169.63 963.473 906.392 2109.15 2495.93 742.309 1024.5 1256.62 609.625 2217.61 164.522 221.164 2053.09 559.425 852.537 398.739 523.835 375.588 1493.66 288.499 426.469 904.198 192.382 646.992 707.961 375.93
internal_count=5659444 98246 5561198 91891 4138911 19729 6355 72162 3170888 17667 1422287 24813 11606 2809917 25559 2062 2784358 815738 47349 8072 4118 26383 1968620 5386 547751 1258973 13567 13207 15050 7132
is_linear=0
shrinkage=0.04


Tree=12
num_leaves=31
num_cat=0
split_feature=142 24 116 376 2 68 5 337 149 45 73 0 370 51 271 61 175 47 45 41 263 328 235 17 276 65 140 204 75 79
split_gain=1207.53 514.676 53.729 47.8814 23.1472 20.2071 19.4257 15.7381 15.7007 14.6671 14.3484 13.3226 11.8354 11.6011 8.76217 8.74412 8.57756 8.09115 8.57589 7.68124 7.62337 11.4894 7.22315 6.49129 6.30631 6.18533 6.17077 6.82663 6.14326 6.05427
threshold=1.0000000180025095e-35 121.19000000000001 0.0036113093618645163 0.487244565924769 4247.6580000000004 0.061847459280799828 0.88865000000000005 -0.024554663999010996 0.086479437217148486 0.013289827347842674 0.020782846639772212 9.9659000000000013 0.98562872190286066 0.0025400000000000006 2.1143413452663258 1.1599797451838605 195.81033788564682 1.0140695290596788 0.005075304562071923 0.011121078068841108 2.478675531631422 0.17004591195613161 4.6455543548040472 187954.16390000001 0.05580842299260997 -0.035399499999999993 0.11237324526672007 -0.0704779654510162 0.82885670800640454 -0.016502499999999996
decision_type=2 2 2 2 2 2 2 2 2 2 2 2 2 2 2 2 2 2 2 2 2 2 2 2 2 2 2 2 2 2
left_child=2 4 5 7 -2 10 -5 -3 22 -4 13 -10 15 14 17 20 -6 18 -1 25 29 -22 -8 -9 -18 -7 -25 -28 -16 -13
right_child=1 3 9 6 16 19 8 23 11 -11 -12 12 -14 -15 28 -17 24 -19 -20 -21 21 -23 -24 26 -26 -27 27 -29 -30 -31
leaf_value=0.016858594977053436 0.05295795652371172 0.027910823921224182 -0.019584034985948615 0.046474753555234311 0.042772701015417969 0.0064075306225588073 -0.0086737016667234584 -0.0088052896783472664 -0.0056935829005954446 -0.030173031977559047 -0.018097514565702355 0.021610040448071587 -0.0033670490593924701 -0.014521380856536077 0.034514106703593964 0.017047012401586844 0.0028958067054648375 -0.012956114346762788 -0.0070685588964959417 -0.029664973417228069 -0.013120962084520307 0.0052095202336507277 0.0041519583960391536 0.021446231362550878 0.033693558726869507 -0.017908602432220162 0.016555466451804432 0.0077408023950341041 -0.00022724617901011219 0.0080321056527232725
leaf_weight=22.727707714453572 260.4345688954927 145.83310659843119 926.80419183200138 15.841031716670839 339.88175368067459 16.57097790154512 188.79552694069935 19.105301839772437 144.85266905695971 282.85063672607248 348.87576025437011 54.565855694716447 162.26887289795559 517.93252425104583 6.6650605170289046 151.45097039664688 11.465556129231116 454.5708451382161 969.4765264955131 97.644626249417342 63.167702619153715 340.14242129947525 109.68235430934146 147.09507213489997 279.68988230064861 371.99346986119417 283.06774876123018 290.44201957514815 134.95677894094842 947.01635993526361
leaf_count=33144 1430 2162 1352057 155 2544 24004 22160 621 6427 374188 473158 1849 7785 706388 532 4881 106 632857 1307000 130981 1518 8362 7174 1989 2374 509288 3382 7015 17601 16312
internal_value=6.0737e-05 0.0158738 -0.015005 0.00807677 0.0425882 -0.0120718 0.00487981 0.0159102 0.00453237 -0.0221058 -0.0105802 0.00589611 0.00687843 -0.00931906 -0.00760659 0.0079496 0.0381547 -0.00853511 -0.00648767 -0.0195299 0.00694604 0.00228796 -0.00396436 0.0134754 0.0325088 -0.0168441 0.0140889 0.0121339 0.00186562 0.00881342
internal_weight=8105.87 3954.8 4151.07 3063.33 891.472 2941.41 2177.78 885.543 2161.94 1209.65 2455.21 1863.46 1718.61 2106.33 1588.4 1556.34 631.037 1446.78 992.204 486.209 1404.89 403.31 298.478 739.71 291.155 388.564 720.605 573.51 141.622 1001.58
internal_count=5659444 98246 5561198 91792 6454 3834953 76623 15169 76468 1726245 3170680 47134 40707 2697522 1991134 32922 5024 1973001 1340144 664273 28041 9880 29334 13007 2480 533292 12386 10397 18133 18161
is_linear=0
shrinkage=0.04


Tree=13
num_leaves=31
num_cat=0
split_feature=142 24 80 370 45 278 36 159 337 80 158 83 48 278 68 25 268 79 68 149 72 328 79 84 83 257 38 28 58 331
split_gain=1056.32 484.162 50.6416 39.6476 23.9304 23.9035 23.5185 19.3089 18.3107 14.4541 13.4363 10.4723 9.74355 8.91813 7.84887 7.83945 7.71968 7.44748 8.72534 7.18231 7.48063 7.17429 7.09639 6.93381 6.15816 6.10205 6.04065 6.40019 7.1509 5.92192
threshold=1.0000000180025095e-35 121.19000000000001 0.016130750000000003 0.43486342330693395 0.014251669923740362 0.90858641229496395 -387.81999999999994 1.9596228416892687 0.13300618937136563 0.0017487500000000003 3.1289270216286886 139.25914731960569 0.94790328696096904 0.019737504637727252 0.063094292458062987 13137.500000000002 0.74791756388171127 0.012629500000000002 -0.040028873674048664 0.18287059942866993 0.012583715873583284 0.49183359742200139 0.0029329999999999994 0.10381324324504466 153.8425251831502 6.3118281110786034 -0.031640057608090237 989.93500000000006 0.0081948133841926746 2.0298389411256266
decision_type=2 2 2 2 2 2 2 2 2 2 2 2 2 2 2 2 2 2 2 2 2 2 2 2 2 2 2 2 2 2
left_child=2 6 4 8 7 10 15 9 -3 12 11 -5 -1 -13 -4 -2 24 18 -6 20 -7 -21 26 -24 -10 -23 -15 28 -28 -26
right_child=1 3 14 5 17 19 -8 -9 16 -11 -12 13 -14 22 -16 -17 -18 -19 -20 21 -22 25 23 -25 29 -27 27 -29 -30 -31
leaf_value=-0.004766101778758248 0.039605979639007971 0.033242733366882868 -0.022591106371723482 0.019070802345562556 -0.015329712383943317 0.0031554077420055909 0.051949507156419106 -0.018554257521716789 0.023918242901334867 -0.014062755876521739 -0.0079979444704753738 0.022523023824853158 -0.01064908726286139 0.026294956834638516 -0.034635517147918932 0.028200052396918928 -0.00080246500815761828 -0.0096618935620910833 -0.028565088529274352 0.00087159703577571702 -0.0066593774581463231 0.0091791084162579414 -0.0060210852624421884 0.0064966256962172902 0.014419128162535518 -0.02713678245544934 0.014267651183262082 0.010670746249314507 -0.015862408194850554 -0.0082086791534643402
leaf_weight=838.7689356452247 460.00182783295168 108.85341423654972 240.4299341078804 187.16598753863582 135.74616179453733 237.70390838661115 251.24190920544788 507.94281688082992 105.18462176559115 947.68425441954605 65.883888298947568 69.709416834724834 985.368212108835 34.958110766427126 159.63292749731227 155.04132185602793 47.872874958044122 76.741491648041119 227.56290011400415 461.43300052187988 256.30290296292878 346.59595537384666 90.439293792151147 303.51042495615184 103.56111169768701 5.6758082720916709 18.752117407828337 557.38055247337616 30.344501736239181 21.068375309438125
leaf_count=1072741 3697 1971 348356 3520 176179 11179 1416 690141 1772 1342902 4933 770 1306001 838 215025 1341 1829 108254 301599 10746 22029 6814 1438 5654 1972 166 182 14647 1062 270
internal_value=0.000104949 0.0149686 -0.0140333 0.00746625 -0.012566 0.00572123 0.0413256 -0.0113776 0.0194097 -0.01005 0.00943413 0.0103339 -0.00795217 0.00882233 -0.0275454 0.0368315 0.0137882 -0.0213321 -0.0237308 0.00185664 -0.00194306 0.00416257 0.00785826 0.00360703 0.0168083 0.00844409 0.0104499 0.00945316 -0.00424642 0.0105247
internal_weight=8038.56 3918.68 4119.88 3052.4 3719.81 2665.86 866.285 3279.76 386.54 2771.82 1358.14 1292.26 1824.14 1105.09 400.063 615.043 277.687 440.051 363.309 1307.71 494.007 813.705 1035.39 393.95 229.814 352.272 641.435 606.477 49.0966 124.629
internal_count=5659444 98246 5561198 91792 4997817 83978 6454 4411785 7814 3721644 33044 28111 2378742 24591 563381 5038 5843 586032 477778 50934 33208 17726 23821 7092 4014 6980 16729 15891 1244 2242
is_linear=0
shrinkage=0.04


Tree=14
num_leaves=31
num_cat=0
split_feature=20 142 23 115 376 159 37 5 43 128 273 70 5 370 33 149 96 167 382 271 45 65 69 58 341 358 104 34 70 277
split_gain=910.216 386.89 55.3198 48.3139 33.1942 21.1252 20.8368 18.9719 13.3568 13.0414 10.6975 10.6932 10.2273 9.54039 9.51923 8.67822 9.09299 7.9351 7.83364 7.56755 7.48692 7.39406 6.96462 7.01238 6.66158 6.65436 6.54108 7.34998 6.48201 6.71852
threshold=193.24000000000004 1.0000000180025095e-35 678.50000000000011 0.003895655497716644 0.49759609828259715 0.74338867171402911 0.0016545000000000002 0.93075000000000008 0.079754275183170589 3.4665469456399101 -1.0603301936181417 0.010058573389049365 32.224100000000007 0.55742415677407209 14275.000000000002 0.18287059942866993 0.10173536608319213 0.48073708881096666 0.29519484641807608 2.1143413452663258 0.0098343891866655136 0.024643500000000002 -0.014992381372136042 0.0059255113858032163 -0.69275139097000593 0.67285829637134464 0.16657796366798197 30513.270000000004 -0.049950937311529213 -0.1636760468730262
decision_type=2 2 2 2 2 2 2 2 2 2 2 2 2 2 2 2 2 2 2 2 2 2 2 2 2 2 2 2 2 2
left_child=2 3 5 6 13 -1 11 -6 21 12 -4 19 15 26 -11 -9 24 -7 -18 -2 -8 -5 23 -15 -17 -20 27 -3 -24 -30
right_child=1 4 10 8 7 17 20 9 -10 14 -12 -13 -14 22 -16 16 18 -19 25 -21 -22 -23 28 -25 -26 -27 -28 -29 29 -31
leaf_value=0.04535818984738775 -0.007085743286504082 0.023153088376107824 0.021193339330079369 -0.01717943863445914 0.045510250204492689 0.036350176807011962 -0.012544973652180004 0.0010701008535909495 -0.034833061083505597 0.0044904797904101543 -0.0010208594433050071 -0.012704387127480289 -0.0096562387802613201 -0.024608622135280884 -0.0093652044315668918 0.018277790094714915 0.01229721052209405 0.021891367199535022 -0.0011878307318757082 0.0032164930148538681 -0.020327921208083639 -0.026835078343844396 0.033382404822355487 0.0047128155326147045 0.0081418313116882243 0.014870404431725196 -0.0013548920525613365 -0.0085929630612671098 0.006129764031419716 0.0159185560226454
leaf_weight=512.80351127323229 1342.8840646469689 212.528462500366 129.95623889261333 888.87503613313311 14.97937569953501 196.82075553532923 565.34992260915897 571.42446076708075 90.366847605106159 125.4972023279297 46.811264275362191 565.48186756548967 77.107407392530149 13.165956582466604 209.29070700155717 136.63729813843383 117.4970907228344 106.35732064445619 361.1466469857296 123.52297349182481 320.3803442785229 156.22033474380078 20.208996377274161 91.588630978527362 446.69964171038009 44.589266574832436 21.775363217253471 11.3596431700862 233.30846910329637 221.68984877916228
leaf_count=6682 1856916 3217 4272 1312715 153 1786 810334 31287 122005 5403 15920 759096 6538 142 11992 2266 2265 923 7145 15876 443540 219017 268 1159 7670 934 639 277 4415 4592
internal_value=8.64076e-05 -0.00501135 0.035885 -0.0130143 0.0060586 0.0402819 -0.0102774 0.00338624 -0.0200165 0.00304109 0.015365 -0.00803154 0.00442085 0.0128469 -0.0041755 0.00507845 0.00714267 0.0314546 0.00329554 -0.00621473 -0.0153996 -0.0186713 0.00998768 0.000635595 0.0105704 0.00064121 0.0194618 0.0214805 0.0120379 0.010948
internal_weight=7976.32 6983.58 992.749 4053.08 2930.49 815.982 2917.62 2104.87 1135.46 2089.89 176.768 2031.89 1755.1 825.625 334.788 1677.99 1106.57 303.178 523.233 1466.41 885.73 1045.1 579.962 104.755 583.337 405.736 245.663 223.888 475.207 454.998
internal_count=5659444 5629861 29583 5539499 90362 9391 3885762 75653 1653737 75500 20192 2631888 58105 14709 17395 51567 20280 2709 10344 1872792 1253874 1531732 10576 1301 9936 8079 4133 3494 9275 9007
is_linear=0
shrinkage=0.04


Tree=15
num_leaves=31
num_cat=0
split_feature=24 142 37 370 320 115 228 279 336 57 158 71 254 93 190 261 234 36 336 52 10 71 50 76 47 123 355 147 103 80
split_gain=849.93 332.876 48.1561 39.0215 28.9987 18.6154 18.4498 18.2459 16.6717 12.9297 11.8255 11.4487 10.9551 9.64179 8.71752 9.35098 8.4628 8.31488 7.61858 7.325 7.42615 6.97346 6.90589 7.41523 6.80422 6.58941 7.54399 6.53681 6.39962 6.20408
threshold=121.19000000000001 1.0000000180025095e-35 0.0055460000000000006 0.43486342330693395 0.99592281154016338 0.0047923737413967391 0.87344439081424885 1.3313351050323783 0.60462433311934127 0.10850816199113568 2.9104739012666871 -1.0000000180025095e-35 0.21283774301080394 0.047619047619047568 69.876679096615391 -1.7083620237821202 0.88652735304963237 -357.67499999999995 0.99637754060595463 0.016094008241132055 19.365100000000002 0.18134309871375212 0.96056861615717604 0.81746784317221877 0.99222439959465902 1.1058561099827895 2.2954504525775135 11041.364999999998 0.11025108449363664 0.023393000000000004
decision_type=2 2 2 2 2 2 2 2 2 2 2 2 2 2 2 2 2 2 2 2 2 2 2 2 2 2 2 2 2 2
left_child=4 2 5 8 6 11 -1 10 -3 29 14 27 -8 24 25 -16 -12 -6 -10 20 28 -13 23 -21 -9 26 -5 -2 -15 -4
right_child=1 3 9 7 17 -7 12 13 18 -11 16 21 -14 19 15 -17 -18 -19 -20 22 -22 -23 -24 -25 -26 -27 -28 -29 -30 -31
leaf_value=-0.010629399231019012 -0.0066564211625636397 0.030792124340953748 -0.016847676483589775 -0.00057563688022770521 0.039503561511345119 -0.016373561212698642 0.038602152219624812 -0.0092249334260710719 0.013625838992069482 -0.0349508989220845 -0.026659024193427305 -0.010339703403314941 0.023546775795808023 0.0092846713455970471 0.022896383533122282 0.0037268183616066004 6.7852551209419837e-05 0.051679806046675054 -0.014788967345564442 0.017670872822421628 -0.014311453039903122 -0.023198647328220093 0.012941309071355414 -0.010987555786886887 0.0012020687661349421 0.014211696683551253 0.017911054755636174 0.0024038483920864797 0.0011887048588584243 -0.026654195889387933
leaf_weight=16.888483278104104 1307.9244548353672 105.27155230315839 774.10351508757958 121.4162708429285 287.73481323631131 529.34742301964798 166.71597319522698 235.08013474388281 268.71366592328195 82.466544682722088 21.812682900970685 998.91362703678169 172.70338735260884 336.55585419023919 41.519116243689496 663.01041146368516 92.883452653695713 192.65525890854769 14.392882038635433 14.35935624540434 29.771116090007126 72.114049776759202 28.374648023844202 133.75379112435257 172.63129663919608 419.85075730621611 47.738693926141423 140.13504467571329 291.30481991931447 126.37578117429075
leaf_count=19953 1860414 1934 1128222 2150 2289 795640 1659 8576 5648 112120 2442 1329833 1740 8621 528 14904 4799 1141 245 505 1644 105435 2289 6761 8754 8785 764 32441 12407 177544
internal_value=-3.91615e-07 -0.00451569 -0.0120484 0.00548001 0.0380721 -0.0095548 0.0290971 0.00373756 0.0172894 -0.0197467 0.00685098 -0.00811009 0.0311245 0.00020162 0.00794255 0.00491813 -0.0053848 0.0445807 0.0120876 0.00266458 0.0046046 -0.0112471 -0.00453493 -0.00801075 -0.00482566 0.0115313 0.00478998 -0.00577751 0.00554414 -0.01828
internal_weight=7906.52 7069.82 4031.38 3038.44 836.698 3048.43 356.308 2650.06 388.378 982.946 1408.23 2519.09 339.419 1241.83 1293.54 704.53 114.696 480.39 283.107 834.12 657.632 1071.03 176.488 148.113 407.711 589.006 169.155 1448.06 627.861 900.479
internal_count=5660187 5633405 5541649 91756 26782 4123763 23352 83929 7827 1417886 34372 3328123 3399 49557 27131 15432 7241 3430 5893 32227 22672 1435268 9555 7266 17330 11699 2914 1892855 21028 1305766
is_linear=0
shrinkage=0.04


Tree=16
num_leaves=31
num_cat=0
split_feature=24 0 80 370 168 115 269 376 337 45 347 48 19 108 65 146 73 257 38 379 3 345 15 19 257 176 22 3 188 67
split_gain=776.527 293.353 42.4613 33.9192 28.8525 20.9164 18.7055 17.7516 15.9184 10.7223 9.86825 9.70952 9.48244 9.04022 8.87544 8.54074 8.16677 7.79075 7.25048 9.68139 7.19094 7.10736 6.9906 9.16809 6.77723 6.44263 6.29784 6.55945 6.26015 6.22498
threshold=121.19000000000001 8.7253500000000024 0.010224750000000003 0.41385019410824392 0.6146475017111569 -6.9051209320603033e-05 -2.3314761001062423 0.76091287025809817 0.12634058870007156 0.014251669923740362 0.99574382940382689 1.5546543969167395 1.0000000180025095e-35 1.0000000180025095e-35 0.0064975000000000007 0.068559439059465196 0.020899462385716602 -0.049529122500467419 0.0048853175255451084 0.67317212490479827 9.4878895406612234 -0.30911300236058831 3955.2627500000003 7254.5000000000009 0.51984185710637298 -46.930604791965642 396.72000000000008 27.446942145544877 74.367493230175853 -0.0029978508987175685
decision_type=2 2 2 2 2 2 2 2 2 2 2 2 2 2 2 2 2 2 2 2 2 2 2 2 2 2 2 2 2 2
left_child=4 2 5 8 26 16 12 13 -3 17 -9 -4 -6 14 -5 -10 24 -7 19 22 -21 -20 -12 -24 -2 -25 -1 -28 -27 -16
right_child=1 3 11 7 6 9 -8 10 15 -11 18 -13 -14 -15 29 -17 -18 -19 21 20 -22 -23 23 25 -26 28 27 -29 -30 -31
leaf_value=0.049971855669670558 -0.0047918473725920068 0.029820375912272996 -0.019077769893114296 0.0047435790838260975 0.035583885334725063 -0.0098736587100336157 -0.0039242659971427682 -0.0094011533067912493 0.012843873976438529 -0.022768716565491572 -0.0093855290883402432 -0.038108605891695659 0.021155505547035099 -0.022769230330538587 0.017420715797333383 -0.018365288002816584 -0.012851060307484572 -0.017165688832142197 -0.008638228288082174 -0.012569884632729372 0.0032006154048613662 0.0015323619143451186 0.02218749765507071 -0.0091999346481391429 -0.012561151560769035 0.0081319464569050582 0.046160354557753441 0.028932230520962516 -0.0077805201510881767 0.0078768113719635911
leaf_weight=218.68282662567799 1462.6158841204124 102.00467042039963 632.23930088667839 760.61957714266464 278.03982378297951 844.15166274139847 24.941347303101793 142.7533613718515 249.47657426557817 169.7470935382953 41.896229254161881 46.67674705996069 114.68103547970532 14.189001472961534 186.57333667400235 13.143508185141398 308.17449765126003 332.62783588618913 177.5683556222466 85.87043407742749 96.347708580691688 282.2457741278522 57.194977343518985 41.911537037107337 204.18260042719339 469.61733352117517 88.482550893852022 87.484533136244863 41.614632691154839 276.14730251296169
leaf_count=1523 1915166 2160 928114 11126 2398 1200929 19881 22254 5254 229682 1509 62206 1503 7123 3566 890 436634 493419 6168 2004 2279 12610 767 1007 266613 12665 715 762 1396 7864
internal_value=8.69277e-06 -0.00426793 -0.0113827 0.00509845 0.0369898 -0.00950906 0.0293751 0.00353141 0.0165108 -0.0133547 0.000505244 -0.0204943 0.0314991 0.00703891 0.00742124 0.0111549 -0.00687626 -0.0119604 0.00161071 0.00382985 -0.00428703 -0.00241566 0.00610368 0.00719411 -0.0057575 0.00556944 0.0448598 0.0380165 0.00681139 0.0117834
internal_weight=7851.9 7039.59 4000.42 3039.17 812.312 3321.5 417.662 2674.55 364.625 1346.53 1437.02 678.916 392.721 1237.53 1223.34 262.62 1974.97 1176.78 1294.27 834.453 182.218 459.814 652.235 610.338 1666.8 553.144 394.65 175.967 511.232 462.721
internal_count=5660187 5633405 5532763 100642 26782 4542443 23782 92338 8304 1924030 62659 990320 3901 29679 22556 6144 2618413 1694348 40405 21627 4283 18778 17344 15835 2181779 15068 3000 1477 14061 11430
is_linear=0
shrinkage=0.04


Tree=17
num_leaves=31
num_cat=0
split_feature=24 0 37 337 320 376 0 5 43 135 102 4 370 115 376 347 36 4 287 3 115 80 2 115 40 91 71 171 115 86
split_gain=713.062 244.986 40.8982 32.914 29.3199 18.3604 17.3876 16.7634 12.613 12.0515 11.5761 10.837 10.1266 10.0284 9.70368 9.65134 8.17478 8.05547 7.2895 8.99179 8.30556 6.94581 6.93565 6.83581 6.76739 6.15795 5.96983 5.80662 5.50897 5.5
threshold=121.19000000000001 8.7253500000000024 0.0055460000000000006 -0.024554663999010996 0.99592281154016338 0.80584302428962629 4.3901000000000012 4.4209500000000004 0.079754275183170589 1.0444863300598772 0.4787039520550514 0.70805000000000007 0.16051447210867503 -0.00023217297753275187 0.16136265007956027 1.3434286751139435 -357.67499999999995 1.9930500000000004 0.4717591923633751 7.1887527399767857 0.015765044271688237 0.024173250000000004 40744.674500000001 -0.0030424481623071427 -0.068723456478444564 0.099999999999999992 -0.0096387309981627572 106.19189088069574 -6.9051209320603033e-05 75.500000000000014
decision_type=2 2 2 2 2 2 2 2 2 2 2 2 2 2 2 2 2 2 2 2 2 2 2 2 2 2 2 2 2 2
left_child=4 2 7 12 6 9 -1 13 21 25 17 -8 -3 -2 -12 22 -6 -11 19 20 -17 -4 -7 -9 -15 -5 -26 -13 -14 -29
right_child=1 3 8 5 16 15 11 23 -10 10 14 27 28 24 -16 18 -18 -19 -20 -21 -22 -23 -24 -25 26 -27 -28 29 -30 -31
leaf_value=-0.012243272751638863 -0.0044287610555568393 0.036444369182240352 -0.014809413121690649 0.0053942199724574605 0.037678589002964828 0.026533212631387609 0.037054264362431123 -0.0098915862191525147 -0.032545391251745555 0.013094869603973117 0.018128128143049232 0.028580991422072936 -0.023959395686166351 -0.02461175795425986 0.0039428917971009473 -0.013011202200245578 0.05007465645065462 -0.0029824269330987439 -0.0074710643915394991 0.0049392742241560631 0.00097716773769287914 -0.025592965046269196 -0.010055729071950452 -0.017812396462854495 -0.0054811852595836518 0.013576695207490901 -0.012221415114095826 0.00057896088477094021 0.015814781354523973 0.02156812525293203
leaf_weight=16.276221640444419 1387.4436583762617 42.152068450724983 765.37664856115771 238.2596119397549 271.81975929718465 6.8038724144716971 146.4420953938461 389.45603039751768 84.054304519371726 54.894893447046343 114.01972568773454 93.691908153821714 4.0316809587093294 45.837020814724383 235.07826247041521 92.941585113585461 178.67363368003862 401.99611979664769 131.82494751582271 721.67250595210135 237.69605343844523 113.11945485976685 178.52016174290111 331.86766050119331 408.42166458525753 400.661489396658 444.35156079344233 32.617301010352094 184.67051658166929 50.001706660259515
leaf_count=20222 1821461 793 1132856 6372 2289 322 1376 532194 117930 727 1732 946 1784 54758 7256 2308 1141 10690 3899 18758 7454 162230 26221 489217 600375 7677 621742 338 4649 470
internal_value=3.85786e-05 -0.00402106 -0.0105656 0.00451216 0.0360287 0.00331378 0.0268401 -0.00825906 -0.0177402 0.0064558 0.00319081 0.0288743 0.0189678 -0.00657131 0.00865284 -5.93935e-06 0.0427947 -0.00100211 0.0013266 0.00244078 -0.00300952 -0.0162529 -0.00844348 -0.013575 -0.0098622 0.0105517 -0.00901367 0.0217406 0.0147226 0.0134913
internal_weight=7804.67 7015.15 3969.93 3045.22 789.523 2814.37 339.029 3007.38 962.55 1444.91 805.989 322.753 230.854 2286.05 349.098 1369.46 450.493 456.891 1184.14 1052.31 330.638 878.496 185.324 721.324 898.61 638.921 852.773 176.311 188.702 82.619
internal_count=5660187 5633405 5532763 100642 26782 93416 23352 4119747 1413016 34454 20405 3130 7226 3098336 8988 58962 3430 11417 32419 28520 9762 1295086 26543 1021411 1276875 14049 1222117 1754 6433 808
is_linear=0
shrinkage=0.04


Tree=18
num_leaves=31
num_cat=0
split_feature=19 142 30 80 370 115 1 109 0 45 129 146 22 2 51 0 17 27 242 376 238 341 31 69 98 39 61 68 45 33
split_gain=640.153 206.307 44.1989 39.092 27.8173 21.9838 15.2028 13.1541 12.989 12.4983 12.4918 11.2066 9.71805 9.4991 9.38386 8.73552 8.65518 7.69305 7.64312 8.55774 8.08506 7.78903 8.00679 7.78283 7.57913 7.49449 7.24673 7.03294 6.93107 6.86626
threshold=714.50000000000011 1.0000000180025095e-35 552.3950000000001 0.016130750000000003 0.50881074367334278 0.0063822655811935922 4301.0550000000012 1.0000000180025095e-35 4.3901000000000012 0.014251669923740362 2.5617026551702193 -0.03150960113701471 1223.1950000000004 4247.6580000000004 0.0013105000000000002 10.000200000000001 609359.07455000014 2197.5000000000005 0.30714805395534484 0.45009225092250932 0.5791189492077895 -0.58610132740624288 6238.5000000000009 -0.014992381372136042 0.21851147725672451 -0.009107574208721601 0.99806447174748947 0.063094292458062987 0.005075304562071923 18328.500000000004
decision_type=2 2 2 2 2 2 2 2 2 2 2 2 2 2 2 2 2 2 2 2 2 2 2 2 2 2 2 2 2 2
left_child=2 3 8 5 6 9 -3 16 -1 14 18 -8 -12 -10 26 -14 17 -4 20 23 -6 24 -23 -20 -21 -25 28 -5 -2 -17
right_child=1 4 7 27 10 -7 11 -9 13 -11 12 -13 15 -15 -16 29 -18 -19 19 21 -22 22 -24 25 -26 -27 -28 -29 -30 -31
leaf_value=-0.015748271708257228 0.019732041801536506 0.048518461053502535 0.022429039510770354 -0.017352060470295444 0.00047214275461296808 -0.015749922749441519 0.015213599722464511 -0.0090669269325824361 0.048179214367041964 -0.014483065035897703 0.024966580394547102 0.0012609623416800885 -0.0085258466630373925 0.036054863675051126 -0.0096960880313510731 0.0059240163617473871 0.031245242668530477 0.003020112606841084 -0.0036646586994534768 0.0088621151518505047 0.014482796510958393 -0.021646370390232723 -0.00067561218289641733 0.017239158909900805 -0.0062784366026580633 0.0056641913369492557 -0.0079573799318567312 -0.028886015154478872 -0.0031084212942232474 -0.0040440193891962458
leaf_weight=5.5688656937199985 19.695822638328536 16.595955102238804 103.58199219644303 227.99958026130116 97.462499740424391 572.79815365070681 334.08795573175303 21.019784221993177 206.44555958570709 333.40185024564198 18.698701148488908 127.40425759708887 266.95379327432966 317.65878278527816 863.31253425709292 205.75827577745804 117.88726195666823 48.323963032496977 84.448749573159148 264.06774256858262 202.38982748765193 28.526338757314079 640.96303876522506 135.08692107284514 64.494010059275752 267.55892875956124 656.63905364945094 150.98372338409536 1121.8408277840499 234.38078996315744
leaf_count=5988 27608 191 996 347332 3029 867298 4836 16058 1434 462375 334 5029 13650 2928 1242585 8965 2392 477 1045 6572 4070 2485 19663 1877 2323 4573 875328 214298 1502086 12362
internal_value=7.62596e-05 -0.00387953 0.0334426 -0.00988109 0.00404655 -0.00857417 0.0128696 0.0206865 0.0403421 -0.00719216 0.00235762 0.0113838 -0.00206302 0.0409957 -0.00626864 -0.00284621 0.0230543 0.0163742 0.00415538 0.00297117 0.00996215 0.000845223 -0.00163097 0.00730593 0.00587014 0.00961358 -0.00461417 -0.0220746 -0.00268052 0.000621603
internal_weight=7756.04 6935.55 820.486 3946.67 2988.88 3567.69 478.088 290.813 529.673 2994.89 2510.79 461.492 725.792 524.104 2661.49 707.093 269.793 151.906 1785 1485.15 299.852 998.051 669.489 487.095 328.562 402.646 1798.18 378.983 1141.54 440.139
internal_count=5660187 5629914 30273 5538910 91004 4977280 10056 19923 10350 4109982 80948 9865 35311 4362 3647607 34977 3865 1473 45637 38538 7099 31043 22148 7495 8895 6450 2405022 561630 1529694 21327
is_linear=0
shrinkage=0.04


Tree=19
num_leaves=31
num_cat=0
split_feature=23 0 115 337 320 65 107 376 313 5 142 43 118 36 4 214 70 158 86 50 235 135 220 171 16 93 58 2 58 89
split_gain=594.702 187.369 32.5373 28.2507 24.4209 16.8781 14.3885 14.1927 10.7812 9.95088 11.7445 9.69949 9.13022 8.47812 8.2463 7.92491 7.60892 7.27892 7.25785 7.13015 6.79856 7.21142 6.69031 6.66619 6.54216 6.37112 6.14991 5.96999 6.44959 5.90066
threshold=678.50000000000011 9.9659000000000013 0.0013728341850187677 0.03021329327080689 0.99592281154016338 0.029321500000000004 1.0000000180025095e-35 0.68576254826254834 0.61418471040340072 5.4385000000000003 1.0000000180025095e-35 0.052211023161880428 0.0119638622062364 -357.67499999999995 0.8690500000000001 0.67534476397689203 0.0095873606223587666 0.73814444620507114 102.50000000000001 0.98318319805191112 3.0432100892735883 1.031170233060503 -0.51203377006295014 106.19189088069574 11121.262300000002 -0.050279211814787943 0.0070703142258987661 1000223.9975000002 0.01397013476706579 0.97595054192026087
decision_type=2 2 2 2 2 2 2 2 2 2 2 2 2 2 2 2 2 2 2 2 2 2 2 2 2 2 2 2 2 2
left_child=4 2 9 17 6 11 14 12 18 10 16 -4 26 -6 -1 24 25 -3 -9 -19 21 29 -23 -16 -14 -2 -5 -24 -29 -17
right_child=1 3 5 7 13 -7 -8 8 -10 -11 -12 -13 15 -15 23 20 -18 19 -20 -21 -22 22 27 -25 -26 -27 -28 28 -30 -31
leaf_value=0.034191635206152191 -0.030255647183187677 0.030935178644938173 -0.01071327414312629 0.0012454381125159212 0.035757987991543908 -0.025297196666127349 -0.0077705187038765167 0.0052986485636773361 -0.0042867911534813967 -0.011219055723454645 0.01597701834382758 -0.021776397995813483 -0.010416699513162587 0.048742198421125947 0.028545803169180099 0.01788271706828894 -0.0087856205531844853 0.0161642756239713 -0.0018806493262157797 -0.011271364310070357 0.0080265918431610007 0.0038081597322056904 -0.011275795587874546 0.0097975004534730341 0.023410874957538495 -0.0031046956118841152 0.016518947846502725 0.022537534401192924 -0.02499745991966601 0.0012159693858404628
leaf_weight=156.4100636987132 12.004538718640104 51.809493845299585 1445.5328880559246 53.469656024099095 252.79130257455108 161.46217403666014 18.46153734253312 717.9841683874547 459.14633708650581 448.49911433816669 41.433209211085341 139.66641228284789 9.7405773695463704 163.6215666551725 65.169586471136427 53.037186746674706 608.17904481902224 166.06629261443595 326.68022737411229 15.261296610580755 311.00997598997128 120.17259028767512 147.61863059175812 61.092101467598695 53.85021040122956 1334.8864675123896 204.04139775202202 15.94936447779037 4.306603376135171 89.701967665598204
leaf_count=2062 12266 579 1894540 728 2275 224612 21156 23816 18881 609953 457 189004 238 1145 682 788 871388 4731 10038 399 5031 3062 3456 631 979 1750709 4613 345 262 1361
internal_value=8.44086e-05 -0.00347831 -0.00882839 0.00453193 0.0347114 -0.0129973 0.0257077 0.00331335 0.000810177 -0.005842 -0.00462407 -0.0117142 0.00684673 0.0410685 0.0279334 0.00472933 -0.00507654 0.0178054 0.00305428 0.0137574 0.00354021 0.000279099 -0.00336128 0.0197686 0.0180697 -0.00339119 0.0133816 -0.00847792 0.011093 0.00757032
internal_weight=7709.06 6991.51 4191.66 2799.85 717.546 1746.66 301.133 2566.71 1503.81 2445 1996.5 1585.2 1062.9 416.413 282.672 805.387 1955.07 233.137 1044.66 181.328 741.796 430.786 288.047 126.262 63.5908 1346.89 257.511 167.875 20.256 142.739
internal_count=5660187 5632236 5552929 79307 27951 2308156 24531 73598 52735 3244773 2634820 2083544 20863 3420 3375 15522 2634363 5709 33854 5130 14305 9274 7125 1313 1217 1762975 5341 4063 607 2149
is_linear=0
shrinkage=0.04


Tree=20
num_leaves=31
num_cat=0
split_feature=19 0 320 80 370 20 115 1 260 149 149 376 228 73 36 5 73 214 102 337 276 136 343 140 43 158 377 22 61 167
split_gain=525.422 154.797 36.2658 30.8649 29.1924 20.0828 17.1011 15.6461 11.3394 11.2138 10.1702 9.2928 9.22869 8.60083 8.39281 7.29651 7.28269 7.21737 6.96152 6.96119 6.59562 6.35885 6.23747 7.89696 6.14762 6.02182 7.93692 6.41887 6.01175 5.81968
threshold=714.50000000000011 9.9659000000000013 0.99592281154016338 0.016130750000000003 0.84219357117626281 1.0000000180025095e-35 0.0013728341850187677 3418.0100000000007 0.0080850637267496656 0.11399311674409619 0.30859789855172143 0.88006849315068503 0.9448953346883775 0.020899462385716602 -398.70999999999998 6.7748000000000008 0.018771463463181513 0.8851428287036881 -0.15662311216697775 -0.28187569485285052 0.11464037860391744 -0.081789194814234176 2.0744642027495401 0.15041782693405423 0.079754275183170589 2.9104739012666871 0.83038324979114464 16336.735000000002 0.99345087795853027 0.37629614477172862
decision_type=2 2 2 2 2 2 2 2 2 2 2 2 2 2 2 2 2 2 2 2 2 2 2 2 2 2 2 2 2 2
left_child=2 3 5 6 7 19 13 -3 -9 -10 24 25 -7 15 -4 28 -8 -11 -19 -1 -14 22 23 -13 -5 -6 -27 -28 -2 -20
right_child=1 4 14 10 11 12 16 8 9 17 -12 21 20 -15 -16 -17 -18 18 29 -21 -22 -23 -24 -25 -26 26 27 -29 -30 -31
leaf_value=0.038354923021054969 -0.0011597426220856229 0.044512073562827999 0.03409725225990972 -0.017667981448630389 0.0047899656183560584 -0.013475173902822503 -0.0090714277358514925 0.020382926153135136 -0.001607789159252063 0.013833725406013532 0.016741837525359238 0.01600023536981415 -0.0089817991924874951 -0.010849688223972654 0.047027924504180113 -0.010649083028405455 -0.015832500032158719 0.014940363420169942 0.010138923508618374 0.022823355706627028 0.017771228225236139 -0.0064191284443321332 -0.0054610845136229737 -0.0083306296509753162 -0.031719759101192978 -0.016926819006773335 0.015964959741336854 -0.007342425526682953 -0.0059146071219474475 0.0024100140730148405
leaf_weight=92.136342585850798 996.11494950838824 16.295935361180454 240.34693951610825 319.05432452880814 510.65508160952959 20.394436340189714 1069.3897200036663 95.902274507418042 239.02135662102592 254.60039119244175 10.918660111645293 71.497228287116741 15.625952233793212 356.24413954262127 165.23168300981706 237.70193055830168 341.1979514735649 122.51170057142735 219.83957020303205 121.77287864209211 115.24696870087064 463.73905564605593 87.337264544221398 28.61606370206573 62.773592499419465 50.18157070775851 33.084118006201606 39.201489324157592 742.26083726670913 530.65389109800526
leaf_count=1555 1288548 203 2281 473647 10486 19872 1432184 1026 12992 4450 698 2283 169 503256 1298 325641 444007 1916 3191 2634 2531 22369 2800 1397 90160 3489 1234 2095 992171 8507
internal_value=2.12729e-05 -0.00348131 0.0312997 -0.00837731 0.00384742 0.0219487 -0.0072503 0.00767499 0.00720432 0.00625108 -0.0190266 -0.000564922 0.0105929 -0.00514026 0.0395701 -0.00410104 -0.0107269 0.00791684 0.00616358 0.0298065 0.0144899 -0.00391402 0.00228579 0.00901863 -0.0201314 0.00288122 -0.00502679 0.00346767 -0.00319446 0.00469495
internal_weight=7669.55 6898.79 770.755 4135.66 2763.14 365.177 3742.91 1478.83 1462.53 1366.63 392.747 1284.31 151.267 2332.32 405.579 1976.08 1410.59 1127.61 873.005 213.909 130.873 651.19 187.451 100.113 381.828 633.122 122.467 72.2856 1738.38 750.493
internal_count=5659090 5628750 30340 5550312 78438 26761 4985807 32285 32082 31056 564505 46153 22572 3109616 3579 2606360 1876191 18064 13614 4189 2700 28849 6480 3680 563807 17304 6818 3329 2280719 11698
is_linear=0
shrinkage=0.04


Tree=21
num_leaves=31
num_cat=0
split_feature=24 93 0 80 159 337 370 159 116 43 19 229 83 204 347 106 254 133 47 123 121 366 277 89 159 75 35 305 345 85
split_gain=478.749 138.655 30.6809 30.3789 26.5098 25.6185 15.6887 14.872 11.4478 10.8759 10.2342 7.52765 8.58988 8.45415 7.60989 8.3836 7.13768 7.09073 9.31564 7.05131 7.10006 6.78266 10.5677 6.56291 6.4058 6.60286 7.111 7.10954 6.29595 6.14541
threshold=121.19000000000001 0.047426841574167218 4.5501000000000014 0.010224750000000003 0.43596198102748573 -0.024554663999010996 0.84219357117626281 2.0668311133825941 0.00046996519662816392 0.079754275183170589 1.0000000180025095e-35 1.2430270301996063 140.25757039901291 0.89596938555906858 1.3434286751139435 0.0057436421131266133 0.29571484848334545 86.538461538128715 0.88513745034723645 0.15964506387435154 0.032523175515913709 0.73728873686846075 -0.19300333671804523 1.0853151388468938 3.3589403296725506 1.0073840829931704 -21749.499999999996 -0.42249968550542571 -0.26201193323539551 139.50000000000003
decision_type=2 2 2 2 2 2 2 2 2 2 2 2 2 2 2 2 2 2 2 2 2 2 2 2 2 2 2 2 2 2
left_child=2 3 -1 7 -4 16 11 8 -2 29 -6 -7 13 -13 15 -14 -3 18 -16 -8 -21 -12 -23 -20 25 26 27 -22 -19 -5
right_child=1 5 4 9 10 6 19 -9 -10 -11 21 12 14 -15 17 -17 -18 28 23 20 24 22 -24 -25 -26 -27 -28 -29 -30 -31
leaf_value=-0.018846422278731963 -0.0032742888114904011 0.030895579275183317 0.043201549939211582 -0.018770217741632695 0.030547181010926128 0.018842701520477439 0.020646378634135227 -0.012793092408070701 -0.0084757394102704785 -0.030541056736115447 0.02173367100121272 0.021149548349927463 -0.018086344894456916 0.0047483797926638179 -0.0048950304673168873 0.0015892450067438726 0.012816670272242149 -0.0073659040352479291 0.010105581336835472 -0.0075977249045344588 -0.02293702881598907 -0.029902155167469122 0.01622127082921164 -0.0017554276190772766 -0.0070146597446263358 0.006120871993535411 0.0025166106369397417 -0.0034301968007203433 0.0051335252915553778 -0.010454495159556166
leaf_weight=17.59031855208741 1798.5489429870468 44.739930614428886 256.58630855305819 243.38128339495597 301.31041065268801 62.05314845443354 22.234546431896888 487.3362088553622 1088.1653578500445 69.314149972569794 90.81447244019364 92.042564151553961 49.125419285468524 111.35562708650468 94.614038207757403 106.6411952779672 168.1179624982251 125.15650152067246 542.4077056076494 221.4631431870439 34.645436586601136 10.218914022290848 20.739025000191759 85.87265306495101 160.34333221955239 325.36607125055889 331.35231401476267 167.97694881983989 128.85673370016957 368.95904872328174
leaf_count=20224 2369938 877 2208 310548 2975 3726 937 634840 1548451 98559 990 1285 3180 2511 1311 4928 4192 1958 8315 6073 651 117 220 1267 9819 13517 9956 3653 2418 589446
internal_value=4.31653e-05 -0.00313885 0.0315878 -0.00790044 0.0329446 0.00358052 0.0025059 -0.00633746 -0.00523952 -0.0155957 0.02655 0.00542211 0.00477157 0.012304 0.00339965 -0.00476663 0.0168688 0.00470883 0.00672425 -0.000724799 -0.00114025 0.0163258 0.000105711 0.00848401 0.000274359 0.00164754 -0.00109086 -0.00695717 -0.00103458 -0.01381
internal_weight=7627.33 6930.07 697.259 4055.7 679.669 2874.37 2661.51 3374.05 2886.71 681.654 423.083 1398.13 1336.07 203.398 1132.67 155.767 212.858 976.908 722.894 1263.38 1241.15 121.772 30.9579 628.28 1019.68 859.341 533.975 202.622 254.013 612.34
internal_count=5659090 5632356 26734 5551782 6510 80574 75505 4553229 3918389 998553 4302 30899 27173 3796 23377 8108 5069 15269 10893 44606 43669 1327 337 9582 37596 27777 14260 4304 4376 899994
is_linear=0
shrinkage=0.04


end of trees

feature_importances:
market_trend=21
ind_rank_turnover_rate=20
ind_rank_volume_ratio_5d=19
vwap_gap=18
limit_up_flag=17
cyb_idx_ma60_gap=16
sh_idx_vol20=13
smart_money_ratio=13
z_vwap_gap=13
sh_idx_ma60_gap=12
rank_vwap_gap=12
turnover_rate_f=11
pct_chg=10
buy_md_vol=10
cyb_idx_ret1=10
rank_mf_momentum_3d=10
turnover_rate=9
buy_md_amount=9
sh_idx_ret1=9
cyb_idx_vol20=9
upper_shadow=9
log_turnover_rate=8
buy_sm_vol=7
net_mf_amount=7
cyb_idx_vol5=7
sh_idx_vol_ma20_ratio=6
hs300_idx_vol5=6
ma2_gap=6
log_turnover_rate_f=6
rank_turnover_rate=6
z_circ_mv=6
amount=5
buy_sm_amount=5
sh_idx_vol_ma5_ratio=5
hs300_idx_vol_ma20_ratio=5
cyb_idx_vol_ma5_ratio=5
news_len_mean=5
news_intensity=5
vwap_deviation=5
z_smart_money_ratio=5
sell_sm_amount=4
sell_elg_vol=4
sell_elg_amount=4
sh_idx_high_low_pos=4
hs300_idx_vol_ma5_ratio=4
cyb_idx_ret20=4
cyb_idx_ma5_gap=4
hl_spread=4
vol_ma20_ratio=4
amount_ma20_ratio=4
boll_width=4
atr_14=4
z_turnover_rate=4
z_turnover_rate_f=4
z_mf_momentum_3d=4
rank_stochastic_d=4
vwap=3
total_mv=3
sell_md_vol=3
sh_idx_ret5=3
sh_idx_vol60=3
hs300_idx_vol60=3
hs300_idx_high_low_pos=3
cyb_idx_ret5=3
cyb_idx_ma20_gap=3
market_divergence=3
news_count=3
news_sentiment_smooth=3
ret_1d=3
log_volume_ratio=3
cci_14=3
rank_pct_chg=3
rank_ret_60d=3
rank_turnover_rate_f=3
rank_total_mv=3
rank_obv_gap=3
z_volume_persistence=3
z_mf_acceleration=3
vol=2
buy_elg_vol=2
net_mf_vol=2
sh_idx_ret10=2
sh_idx_ma5_gap=2
sh_idx_vol5=2
hs300_idx_ret1=2
hs300_idx_ret5=2
negative_count=2
industry_negative_count=2
ret_60d=2
ma60_gap=2
vol_ratio=2
log_amount=2
ema_5_20_ratio=2
mf_ratio_5d=2
log_circ_mv=2
log_news_len_mean=2
bp=2
free_share_ratio=2
list_age_years=2
kdj_j=2
volume_burst=2
industry_rel_pe=2
size_neutral_ret=2
rank_ret_1d=2
z_ret_3d=2
rank_volatility_5d=2
rank_volume_ratio_20d=2
z_volume_ratio_20d=2
z_total_mv=2
rank_amount_ma5_ratio=2
z_momentum_10=2
rank_supertrend=2
z_vol_change_ratio=2
rank_smart_money_ratio=2
z_log_circ_mv=2
ind_rank_supertrend_dir=2
ps=1
float_share=1
free_share=1
circ_mv=1
buy_lg_vol=1
buy_lg_amount=1
sell_lg_amount=1
buy_elg_amount=1
sh_idx_ret20=1
hs300_idx_ma20_gap=1
hs300_idx_ma60_gap=1
hs300_idx_vol20=1
hs300_idx_boll_pos=1
cyb_idx_ret10=1
cyb_idx_vol_ma20_ratio=1
positive_count=1
ret_5d=1
ret_10d=1
ma20_gap=1
mom_20d=1
intraday_ret=1
overnight_gap=1
lower_shadow=1
high_low_ratio=1
ret_mean_5d=1
volatility_20d=1
turnover_change=1
rsi_6=1
macd=1
mf_momentum_3d=1
mf_reversal=1
active_money_ratio=1
cci_20=1
kdj_d_ma5=1
cci_14_ma5=1
rsi_9=1
price_position=1
mf_acceleration=1
mv_percentile=1
value_score=1
z_pct_chg=1
z_ret_1d=1
z_ret_2d=1
rank_ret_3d=1
z_ret_5d=1
rank_ret_10d=1
rank_volatility_20d=1
rank_volume_ratio=1
rank_volume_ratio_5d=1
z_volume_ratio_5d=1
rank_net_mf_amount=1
rank_mf_ratio=1
z_mf_ratio=1
rank_mf_ratio_5d=1
z_mf_ratio_5d=1
z_amount_ma5_ratio=1
z_macd=1
rank_kdj_diff=1
rank_obv=1
z_obv=1
rank_momentum_10=1
z_rsi_9=1
rank_volume_burst=1
z_volume_burst=1
rank_volume_persistence=1
rank_vol_change_ratio=1
rank_mf_acceleration=1
z_downside_vol=1
rank_upside_vol=1
rank_ep_ttm=1
rank_free_share_ratio=1
z_free_share_ratio=1
ind_rank_stochastic_k=1
rank_trend_persistence=1

parameters:
[boosting: gbdt]
[objective: lambdarank]
[metric: ndcg]
[tree_learner: serial]
[device_type: cpu]
[data_sample_strategy: bagging]
[data: ]
[valid: ]
[num_iterations: 300]
[learning_rate: 0.04]
[num_leaves: 31]
[num_threads: 16]
[seed: 42]
[deterministic: 0]
[force_col_wise: 0]
[force_row_wise: 0]
[histogram_pool_size: -1]
[max_depth: -1]
[min_data_in_leaf: 80]
[min_sum_hessian_in_leaf: 0.001]
[bagging_fraction: 0.8]
[pos_bagging_fraction: 1]
[neg_bagging_fraction: 1]
[bagging_freq: 5]
[bagging_seed: 400]
[bagging_by_query: 0]
[feature_fraction: 0.8]
[feature_fraction_bynode: 1]
[feature_fraction_seed: 30056]
[extra_trees: 0]
[extra_seed: 12879]
[early_stopping_round: 0]
[early_stopping_min_delta: 0]
[first_metric_only: 0]
[max_delta_step: 0]
[lambda_l1: 0]
[lambda_l2: 2]
[linear_lambda: 0]
[min_gain_to_split: 0]
[drop_rate: 0.1]
[max_drop: 50]
[skip_drop: 0.5]
[xgboost_dart_mode: 0]
[uniform_drop: 0]
[drop_seed: 17869]
[top_rate: 0.2]
[other_rate: 0.1]
[min_data_per_group: 100]
[max_cat_threshold: 32]
[cat_l2: 10]
[cat_smooth: 10]
[max_cat_to_onehot: 4]
[top_k: 20]
[monotone_constraints: ]
[monotone_constraints_method: basic]
[monotone_penalty: 0]
[feature_contri: ]
[forcedsplits_filename: ]
[refit_decay_rate: 0.9]
[cegb_tradeoff: 1]
[cegb_penalty_split: 0]
[cegb_penalty_feature_lazy: ]
[cegb_penalty_feature_coupled: ]
[path_smooth: 0]
[interaction_constraints: ]
[verbosity: -1]
[saved_feature_importance_type: 0]
[use_quantized_grad: 0]
[num_grad_quant_bins: 4]
[quant_train_renew_leaf: 0]
[stochastic_rounding: 1]
[linear_tree: 0]
[max_bin: 255]
[max_bin_by_feature: ]
[min_data_in_bin: 3]
[bin_construct_sample_cnt: 200000]
[data_random_seed: 175]
[is_enable_sparse: 1]
[enable_bundle: 1]
[use_missing: 1]
[zero_as_missing: 0]
[feature_pre_filter: 1]
[pre_partition: 0]
[two_round: 0]
[header: 0]
[label_column: ]
[weight_column: ]
[group_column: ]
[ignore_column: ]
[categorical_feature: ]
[forcedbins_filename: ]
[precise_float_parser: 0]
[parser_config_file: ]
[objective_seed: 16083]
[num_class: 1]
[is_unbalance: 0]
[scale_pos_weight: 1]
[sigmoid: 1]
[boost_from_average: 1]
[reg_sqrt: 0]
[alpha: 0.9]
[fair_c: 1]
[poisson_max_delta_step: 0.7]
[tweedie_variance_power: 1.5]
[lambdarank_truncation_level: 30]
[lambdarank_norm: 1]
[label_gain: 0,1,2,3,4,5,6,7,8,9,10,11,12,13,14,15,16,17,18,19,20,21,22,23,24,25,26,27,28,29,30,31,32,33,34,35,36,37,38,39,40,41,42,43,44,45,46,47,48,49,50,51,52,53,54,55,56,57,58,59,60,61,62,63,64,65,66,67,68,69,70,71,72,73,74,75,76,77,78,79,80,81,82,83,84,85,86,87,88,89,90,91,92,93,94,95,96,97,98,99,100]
[lambdarank_position_bias_regularization: 0]
[eval_at: 10,20,30]
[multi_error_top_k: 1]
[auc_mu_weights: ]
[num_machines: 1]
[local_listen_port: 12400]
[time_out: 120]
[machine_list_filename: ]
[machines: ]
[gpu_platform_id: -1]
[gpu_device_id: -1]
[gpu_use_dp: 0]
[num_gpu: 1]

end of parameters

pandas_categorical:[]
