{
  "ic_mean": 0.10831117938115305,
  "ic_std": 0.10653226222457676,
  "icir": 1.0166983890084509
}